grn_id,po_id,supplier_id,material_id,plant_id,received_date,received_qty,unit_of_measure,delivery_status,fulfillment_status,delivery_delay_days
GRN-5000,PO-1000,SUP-001,MAT-101,PLT-04,2025-02-04,350,MT,On-Time,In-Full,0
GRN-5001,PO-1001,SUP-001,MAT-101,PLT-04,2025-02-15,393,MT,On-Time,In-Full,0
GRN-5002,PO-1002,SUP-001,MAT-101,PLT-03,2025-01-17,323,MT,On-Time,In-Full,0
GRN-5003,PO-1003,SUP-001,MAT-101,PLT-04,2025-01-29,171,MT,On-Time,In-Full,0
GRN-5004,PO-1004,SUP-002,MAT-102,PLT-05,2025-01-21,481,MT,On-Time,In-Full,0
GRN-5005,PO-1005,SUP-002,MAT-102,PLT-02,2025-01-31,132,MT,On-Time,In-Full,0
GRN-5006,PO-1006,SUP-002,MAT-102,PLT-01,2025-02-14,551,MT,On-Time,In-Full,0
GRN-5007,PO-1007,SUP-003,MAT-103,PLT-01,2025-01-17,112,MT,On-Time,In-Full,0
GRN-5008,PO-1008,SUP-003,MAT-103,PLT-06,2025-02-01,472,MT,On-Time,In-Full,0
GRN-5009,PO-1009,SUP-003,MAT-103,PLT-04,2025-01-24,564,MT,On-Time,In-Full,0
GRN-5010,PO-1010,SUP-003,MAT-103,PLT-05,2025-01-11,107,MT,On-Time,In-Full,0
GRN-5011,PO-1011,SUP-004,MAT-104,PLT-01,2025-02-14,397,MT,On-Time,In-Full,0
GRN-5012,PO-1012,SUP-004,MAT-104,PLT-04,2025-01-28,192,MT,On-Time,In-Full,0
GRN-5013,PO-1013,SUP-004,MAT-104,PLT-01,2025-01-27,464,MT,On-Time,In-Full,0
GRN-5014,PO-1014,SUP-004,MAT-104,PLT-05,2025-02-10,277,MT,On-Time,In-Full,0
GRN-5015,PO-1015,SUP-005,MAT-105,PLT-02,2025-02-05,590,MT,On-Time,In-Full,0
GRN-5016,PO-1016,SUP-005,MAT-105,PLT-04,2025-01-22,506,MT,On-Time,Short,0
GRN-5017,PO-1017,SUP-005,MAT-105,PLT-04,2025-01-27,513,MT,On-Time,Short,0
GRN-5018,PO-1018,SUP-005,MAT-105,PLT-04,2025-01-28,499,MT,On-Time,In-Full,0
GRN-5019,PO-1019,SUP-006,MAT-102,PLT-01,2025-02-14,240,MT,On-Time,In-Full,0
GRN-5020,PO-1020,SUP-006,MAT-102,PLT-06,2025-01-21,454,MT,On-Time,In-Full,0
GRN-5021,PO-1021,SUP-007,MAT-101,PLT-01,2025-01-16,484,MT,On-Time,Short,0
GRN-5022,PO-1022,SUP-007,MAT-101,PLT-01,2025-02-16,116,MT,Late,In-Full,7
GRN-5023,PO-1023,SUP-007,MAT-101,PLT-02,2025-02-15,402,MT,On-Time,In-Full,0
GRN-5024,PO-1024,SUP-007,MAT-101,PLT-03,2025-02-11,325,MT,On-Time,In-Full,0
GRN-5025,PO-1025,SUP-008,MAT-106,PLT-04,2025-02-15,433,MT,On-Time,In-Full,0
GRN-5026,PO-1026,SUP-008,MAT-106,PLT-01,2025-02-02,343,MT,On-Time,In-Full,0
GRN-5027,PO-1027,SUP-008,MAT-106,PLT-04,2025-02-07,348,MT,On-Time,In-Full,0
GRN-5028,PO-1028,SUP-008,MAT-106,PLT-04,2025-01-26,137,MT,On-Time,In-Full,0
GRN-5029,PO-1029,SUP-009,MAT-107,PLT-05,2025-01-24,780,KG,On-Time,In-Full,0
GRN-5030,PO-1030,SUP-009,MAT-108,PLT-05,2025-02-10,1477,KG,On-Time,In-Full,0
GRN-5031,PO-1031,SUP-010,MAT-103,PLT-04,2025-01-28,95,MT,On-Time,In-Full,0
GRN-5032,PO-1032,SUP-010,MAT-103,PLT-05,2025-01-18,506,MT,On-Time,In-Full,0
GRN-5033,PO-1033,SUP-011,MAT-105,PLT-03,2025-01-21,169,MT,On-Time,In-Full,0
GRN-5034,PO-1034,SUP-011,MAT-105,PLT-04,2025-02-02,356,MT,Late,In-Full,9
GRN-5035,PO-1035,SUP-011,MAT-105,PLT-05,2025-01-21,448,MT,On-Time,In-Full,0
GRN-5036,PO-1036,SUP-012,MAT-109,PLT-03,2025-02-12,554,EA,On-Time,In-Full,0
GRN-5037,PO-1037,SUP-012,MAT-109,PLT-04,2025-02-03,668,EA,Late,In-Full,5
GRN-5038,PO-1038,SUP-013,MAT-101,PLT-05,2025-02-05,309,MT,Late,In-Full,9
GRN-5039,PO-1039,SUP-013,MAT-101,PLT-01,2025-02-10,421,MT,On-Time,In-Full,0
GRN-5040,PO-1040,SUP-014,MAT-104,PLT-03,2025-02-06,252,MT,On-Time,In-Full,0
GRN-5041,PO-1041,SUP-014,MAT-104,PLT-04,2025-02-20,229,MT,On-Time,Short,0
GRN-5042,PO-1042,SUP-014,MAT-104,PLT-05,2025-02-14,306,MT,Late,In-Full,5
GRN-5043,PO-1043,SUP-001,MAT-101,PLT-02,2025-02-23,395,MT,On-Time,In-Full,0
GRN-5044,PO-1044,SUP-001,MAT-101,PLT-01,2025-02-18,540,MT,On-Time,In-Full,0
GRN-5045,PO-1045,SUP-001,MAT-101,PLT-01,2025-03-13,453,MT,On-Time,In-Full,0
GRN-5046,PO-1046,SUP-002,MAT-102,PLT-05,2025-02-18,597,MT,On-Time,In-Full,0
GRN-5047,PO-1047,SUP-002,MAT-102,PLT-01,2025-02-26,80,MT,On-Time,In-Full,0
GRN-5048,PO-1048,SUP-003,MAT-103,PLT-06,2025-02-22,197,MT,On-Time,In-Full,0
GRN-5049,PO-1049,SUP-003,MAT-103,PLT-05,2025-02-17,154,MT,On-Time,In-Full,0
GRN-5050,PO-1050,SUP-003,MAT-103,PLT-01,2025-03-10,245,MT,On-Time,In-Full,0
GRN-5051,PO-1051,SUP-004,MAT-104,PLT-02,2025-03-03,132,MT,On-Time,In-Full,0
GRN-5052,PO-1052,SUP-004,MAT-104,PLT-04,2025-02-17,439,MT,Late,In-Full,2
GRN-5053,PO-1053,SUP-005,MAT-105,PLT-06,2025-03-07,592,MT,On-Time,In-Full,0
GRN-5054,PO-1054,SUP-005,MAT-105,PLT-02,2025-03-26,328,MT,Late,In-Full,6
GRN-5055,PO-1055,SUP-006,MAT-102,PLT-05,2025-03-18,382,MT,On-Time,In-Full,0
GRN-5056,PO-1056,SUP-006,MAT-102,PLT-04,2025-02-24,353,MT,On-Time,In-Full,0
GRN-5057,PO-1057,SUP-006,MAT-102,PLT-03,2025-02-28,312,MT,On-Time,In-Full,0
GRN-5058,PO-1058,SUP-006,MAT-102,PLT-04,2025-03-03,504,MT,On-Time,In-Full,0
GRN-5059,PO-1059,SUP-007,MAT-101,PLT-06,2025-03-16,582,MT,On-Time,In-Full,0
GRN-5060,PO-1060,SUP-007,MAT-101,PLT-04,2025-03-12,302,MT,On-Time,In-Full,0
GRN-5061,PO-1061,SUP-007,MAT-101,PLT-03,2025-03-10,471,MT,Late,In-Full,4
GRN-5062,PO-1062,SUP-008,MAT-106,PLT-05,2025-02-16,218,MT,On-Time,In-Full,0
GRN-5063,PO-1063,SUP-008,MAT-106,PLT-01,2025-03-01,398,MT,On-Time,In-Full,0
GRN-5064,PO-1064,SUP-008,MAT-106,PLT-04,2025-02-28,592,MT,On-Time,In-Full,0
GRN-5065,PO-1065,SUP-009,MAT-107,PLT-03,2025-03-10,251,KG,On-Time,Short,0
GRN-5066,PO-1066,SUP-009,MAT-107,PLT-01,2025-02-25,1448,KG,On-Time,In-Full,0
GRN-5067,PO-1067,SUP-010,MAT-103,PLT-05,2025-02-19,368,MT,On-Time,In-Full,0
GRN-5068,PO-1068,SUP-010,MAT-103,PLT-02,2025-02-28,596,MT,On-Time,In-Full,0
GRN-5069,PO-1069,SUP-010,MAT-103,PLT-04,2025-03-04,209,MT,On-Time,In-Full,0
GRN-5070,PO-1070,SUP-010,MAT-103,PLT-02,2025-03-02,381,MT,On-Time,In-Full,0
GRN-5071,PO-1071,SUP-011,MAT-105,PLT-05,2025-03-12,199,MT,On-Time,Short,0
GRN-5072,PO-1072,SUP-011,MAT-105,PLT-01,2025-03-26,388,MT,On-Time,In-Full,0
GRN-5073,PO-1073,SUP-012,MAT-110,PLT-02,2025-03-09,674,KG,On-Time,In-Full,0
GRN-5074,PO-1074,SUP-012,MAT-110,PLT-01,2025-03-14,484,KG,On-Time,In-Full,0
GRN-5075,PO-1075,SUP-012,MAT-110,PLT-01,2025-03-06,541,KG,On-Time,In-Full,0
GRN-5076,PO-1076,SUP-012,MAT-109,PLT-05,2025-03-18,523,EA,On-Time,In-Full,0
GRN-5077,PO-1077,SUP-013,MAT-101,PLT-03,2025-02-19,343,MT,On-Time,In-Full,0
GRN-5078,PO-1078,SUP-013,MAT-101,PLT-04,2025-03-08,257,MT,On-Time,In-Full,0
GRN-5079,PO-1079,SUP-013,MAT-101,PLT-04,2025-03-29,297,MT,Late,Short,10
GRN-5080,PO-1080,SUP-014,MAT-104,PLT-02,2025-03-16,230,MT,On-Time,In-Full,0
GRN-5081,PO-1081,SUP-014,MAT-104,PLT-04,2025-02-20,323,MT,On-Time,Short,0
GRN-5082,PO-1082,SUP-014,MAT-104,PLT-02,2025-03-18,237,MT,On-Time,In-Full,0
GRN-5083,PO-1083,SUP-014,MAT-104,PLT-01,2025-03-06,438,MT,On-Time,In-Full,0
GRN-5084,PO-1084,SUP-001,MAT-101,PLT-06,2025-03-27,113,MT,On-Time,In-Full,0
GRN-5085,PO-1085,SUP-001,MAT-101,PLT-06,2025-04-16,247,MT,On-Time,In-Full,0
GRN-5086,PO-1086,SUP-002,MAT-102,PLT-04,2025-04-01,442,MT,On-Time,In-Full,0
GRN-5087,PO-1087,SUP-002,MAT-102,PLT-03,2025-04-17,306,MT,On-Time,In-Full,0
GRN-5088,PO-1088,SUP-002,MAT-102,PLT-05,2025-04-01,561,MT,On-Time,In-Full,0
GRN-5089,PO-1089,SUP-003,MAT-103,PLT-02,2025-04-08,99,MT,Late,Short,7
GRN-5090,PO-1090,SUP-003,MAT-103,PLT-01,2025-04-07,91,MT,On-Time,In-Full,0
GRN-5091,PO-1091,SUP-003,MAT-103,PLT-03,2025-04-04,568,MT,On-Time,In-Full,0
GRN-5092,PO-1092,SUP-003,MAT-103,PLT-01,2025-04-16,577,MT,On-Time,In-Full,0
GRN-5093,PO-1093,SUP-004,MAT-104,PLT-03,2025-03-25,267,MT,On-Time,In-Full,0
GRN-5094,PO-1094,SUP-004,MAT-104,PLT-01,2025-03-23,95,MT,On-Time,In-Full,0
GRN-5095,PO-1095,SUP-004,MAT-104,PLT-03,2025-04-16,118,MT,On-Time,In-Full,0
GRN-5096,PO-1096,SUP-005,MAT-105,PLT-04,2025-03-25,468,MT,On-Time,In-Full,0
GRN-5097,PO-1097,SUP-005,MAT-105,PLT-05,2025-03-25,478,MT,On-Time,In-Full,0
GRN-5098,PO-1098,SUP-005,MAT-105,PLT-02,2025-04-06,232,MT,On-Time,In-Full,0
GRN-5099,PO-1099,SUP-005,MAT-105,PLT-02,2025-04-05,572,MT,On-Time,Short,0
GRN-5100,PO-1100,SUP-006,MAT-102,PLT-02,2025-04-19,498,MT,On-Time,In-Full,0
GRN-5101,PO-1101,SUP-006,MAT-102,PLT-06,2025-03-21,436,MT,On-Time,In-Full,0
GRN-5102,PO-1102,SUP-006,MAT-102,PLT-03,2025-03-30,305,MT,On-Time,In-Full,0
GRN-5103,PO-1103,SUP-006,MAT-102,PLT-03,2025-04-08,119,MT,On-Time,In-Full,0
GRN-5104,PO-1104,SUP-007,MAT-101,PLT-05,2025-04-04,110,MT,Late,In-Full,5
GRN-5105,PO-1105,SUP-007,MAT-101,PLT-02,2025-04-04,303,MT,On-Time,In-Full,0
GRN-5106,PO-1106,SUP-007,MAT-101,PLT-06,2025-03-26,501,MT,On-Time,Short,0
GRN-5107,PO-1107,SUP-007,MAT-101,PLT-06,2025-04-14,101,MT,On-Time,In-Full,0
GRN-5108,PO-1108,SUP-008,MAT-106,PLT-05,2025-04-08,112,MT,On-Time,In-Full,0
GRN-5109,PO-1109,SUP-008,MAT-106,PLT-05,2025-04-07,236,MT,On-Time,In-Full,0
GRN-5110,PO-1110,SUP-008,MAT-106,PLT-05,2025-04-07,382,MT,Late,In-Full,4
GRN-5111,PO-1111,SUP-008,MAT-106,PLT-01,2025-03-31,350,MT,On-Time,In-Full,0
GRN-5112,PO-1112,SUP-009,MAT-108,PLT-04,2025-04-18,1098,KG,On-Time,In-Full,0
GRN-5113,PO-1113,SUP-009,MAT-108,PLT-01,2025-03-28,316,KG,On-Time,In-Full,0
GRN-5114,PO-1114,SUP-010,MAT-103,PLT-06,2025-03-26,90,MT,On-Time,In-Full,0
GRN-5115,PO-1115,SUP-010,MAT-103,PLT-06,2025-03-26,165,MT,Late,In-Full,6
GRN-5116,PO-1116,SUP-010,MAT-103,PLT-01,2025-03-17,195,MT,On-Time,In-Full,0
GRN-5117,PO-1117,SUP-010,MAT-103,PLT-03,2025-03-24,396,MT,On-Time,In-Full,0
GRN-5118,PO-1118,SUP-011,MAT-105,PLT-03,2025-04-24,462,MT,Late,In-Full,10
GRN-5119,PO-1119,SUP-011,MAT-105,PLT-05,2025-04-04,322,MT,Late,In-Full,8
GRN-5120,PO-1120,SUP-011,MAT-105,PLT-04,2025-03-25,103,MT,On-Time,Short,0
GRN-5121,PO-1121,SUP-011,MAT-105,PLT-04,2025-04-13,443,MT,On-Time,In-Full,0
GRN-5122,PO-1122,SUP-012,MAT-109,PLT-02,2025-03-24,345,EA,On-Time,In-Full,0
GRN-5123,PO-1123,SUP-012,MAT-110,PLT-06,2025-03-20,574,KG,On-Time,In-Full,0
GRN-5124,PO-1124,SUP-012,MAT-110,PLT-02,2025-03-14,1090,KG,On-Time,In-Full,0
GRN-5125,PO-1125,SUP-013,MAT-101,PLT-03,2025-03-31,349,MT,On-Time,In-Full,0
GRN-5126,PO-1126,SUP-013,MAT-101,PLT-03,2025-04-19,248,MT,On-Time,Short,0
GRN-5127,PO-1127,SUP-013,MAT-101,PLT-05,2025-03-20,80,MT,On-Time,In-Full,0
GRN-5128,PO-1128,SUP-014,MAT-104,PLT-03,2025-04-09,205,MT,On-Time,In-Full,0
GRN-5129,PO-1129,SUP-014,MAT-104,PLT-02,2025-03-20,420,MT,On-Time,In-Full,0
GRN-5130,PO-1130,SUP-014,MAT-104,PLT-01,2025-04-13,424,MT,On-Time,In-Full,0
GRN-5131,PO-1131,SUP-001,MAT-101,PLT-05,2025-04-17,238,MT,On-Time,In-Full,0
GRN-5132,PO-1132,SUP-001,MAT-101,PLT-05,2025-04-25,410,MT,On-Time,In-Full,0
GRN-5133,PO-1133,SUP-002,MAT-102,PLT-01,2025-04-24,384,MT,On-Time,In-Full,0
GRN-5134,PO-1134,SUP-002,MAT-102,PLT-03,2025-05-06,164,MT,On-Time,In-Full,0
GRN-5135,PO-1135,SUP-003,MAT-103,PLT-06,2025-05-13,577,MT,On-Time,In-Full,0
GRN-5136,PO-1136,SUP-003,MAT-103,PLT-04,2025-04-29,220,MT,On-Time,In-Full,0
GRN-5137,PO-1137,SUP-003,MAT-103,PLT-05,2025-04-28,169,MT,On-Time,In-Full,0
GRN-5138,PO-1138,SUP-003,MAT-103,PLT-02,2025-05-03,524,MT,On-Time,In-Full,0
GRN-5139,PO-1139,SUP-004,MAT-104,PLT-06,2025-04-27,197,MT,On-Time,In-Full,0
GRN-5140,PO-1140,SUP-004,MAT-104,PLT-02,2025-05-02,372,MT,On-Time,In-Full,0
GRN-5141,PO-1141,SUP-004,MAT-104,PLT-01,2025-05-03,562,MT,On-Time,In-Full,0
GRN-5142,PO-1142,SUP-004,MAT-104,PLT-02,2025-04-14,156,MT,On-Time,In-Full,0
GRN-5143,PO-1143,SUP-005,MAT-105,PLT-04,2025-04-26,381,MT,On-Time,In-Full,0
GRN-5144,PO-1144,SUP-005,MAT-105,PLT-06,2025-04-16,504,MT,On-Time,In-Full,0
GRN-5145,PO-1145,SUP-005,MAT-105,PLT-02,2025-04-25,338,MT,Late,In-Full,2
GRN-5146,PO-1146,SUP-005,MAT-105,PLT-02,2025-05-07,525,MT,On-Time,In-Full,0
GRN-5147,PO-1147,SUP-006,MAT-102,PLT-05,2025-05-05,327,MT,On-Time,In-Full,0
GRN-5148,PO-1148,SUP-006,MAT-102,PLT-04,2025-04-27,579,MT,On-Time,In-Full,0
GRN-5149,PO-1149,SUP-006,MAT-102,PLT-01,2025-04-18,259,MT,On-Time,In-Full,0
GRN-5150,PO-1150,SUP-007,MAT-101,PLT-02,2025-05-03,508,MT,On-Time,In-Full,0
GRN-5151,PO-1151,SUP-007,MAT-101,PLT-05,2025-05-18,209,MT,Late,In-Full,5
GRN-5152,PO-1152,SUP-007,MAT-101,PLT-06,2025-04-15,317,MT,On-Time,In-Full,0
GRN-5153,PO-1153,SUP-008,MAT-106,PLT-06,2025-04-22,526,MT,On-Time,In-Full,0
GRN-5154,PO-1154,SUP-008,MAT-106,PLT-06,2025-05-11,332,MT,On-Time,In-Full,0
GRN-5155,PO-1155,SUP-009,MAT-108,PLT-04,2025-05-03,1019,KG,On-Time,In-Full,0
GRN-5156,PO-1156,SUP-009,MAT-107,PLT-06,2025-04-30,1406,KG,On-Time,In-Full,0
GRN-5157,PO-1157,SUP-010,MAT-103,PLT-05,2025-05-02,321,MT,On-Time,In-Full,0
GRN-5158,PO-1158,SUP-010,MAT-103,PLT-04,2025-05-02,306,MT,On-Time,In-Full,0
GRN-5159,PO-1159,SUP-011,MAT-105,PLT-02,2025-05-05,108,MT,On-Time,In-Full,0
GRN-5160,PO-1160,SUP-011,MAT-105,PLT-05,2025-04-22,546,MT,On-Time,In-Full,0
GRN-5161,PO-1161,SUP-012,MAT-110,PLT-05,2025-05-10,565,KG,On-Time,In-Full,0
GRN-5162,PO-1162,SUP-012,MAT-110,PLT-04,2025-05-12,1446,KG,On-Time,In-Full,0
GRN-5163,PO-1163,SUP-013,MAT-101,PLT-02,2025-05-10,198,MT,On-Time,In-Full,0
GRN-5164,PO-1164,SUP-013,MAT-101,PLT-05,2025-04-22,239,MT,On-Time,In-Full,0
GRN-5165,PO-1165,SUP-014,MAT-104,PLT-01,2025-05-13,493,MT,Late,In-Full,1
GRN-5166,PO-1166,SUP-014,MAT-104,PLT-05,2025-05-02,381,MT,On-Time,In-Full,0
GRN-5167,PO-1167,SUP-014,MAT-104,PLT-05,2025-05-12,542,MT,On-Time,In-Full,0
GRN-5168,PO-1168,SUP-001,MAT-101,PLT-06,2025-05-28,98,MT,On-Time,In-Full,0
GRN-5169,PO-1169,SUP-001,MAT-101,PLT-04,2025-05-21,340,MT,On-Time,In-Full,0
GRN-5170,PO-1170,SUP-001,MAT-101,PLT-03,2025-05-31,145,MT,On-Time,In-Full,0
GRN-5171,PO-1171,SUP-001,MAT-101,PLT-04,2025-05-28,149,MT,On-Time,In-Full,0
GRN-5172,PO-1172,SUP-002,MAT-102,PLT-05,2025-06-11,281,MT,On-Time,In-Full,0
GRN-5173,PO-1173,SUP-002,MAT-102,PLT-06,2025-06-14,241,MT,On-Time,In-Full,0
GRN-5174,PO-1174,SUP-002,MAT-102,PLT-05,2025-05-28,429,MT,On-Time,In-Full,0
GRN-5175,PO-1175,SUP-003,MAT-103,PLT-03,2025-05-27,478,MT,On-Time,In-Full,0
GRN-5176,PO-1176,SUP-003,MAT-103,PLT-06,2025-06-02,505,MT,On-Time,In-Full,0
GRN-5177,PO-1177,SUP-003,MAT-103,PLT-02,2025-05-30,339,MT,On-Time,In-Full,0
GRN-5178,PO-1178,SUP-003,MAT-103,PLT-01,2025-05-19,437,MT,On-Time,Short,0
GRN-5179,PO-1179,SUP-004,MAT-104,PLT-05,2025-06-14,307,MT,On-Time,In-Full,0
GRN-5180,PO-1180,SUP-004,MAT-104,PLT-05,2025-06-04,505,MT,On-Time,In-Full,0
GRN-5181,PO-1181,SUP-005,MAT-105,PLT-05,2025-05-23,504,MT,On-Time,In-Full,0
GRN-5182,PO-1182,SUP-005,MAT-105,PLT-05,2025-05-25,433,MT,On-Time,In-Full,0
GRN-5183,PO-1183,SUP-006,MAT-102,PLT-02,2025-05-21,101,MT,On-Time,In-Full,0
GRN-5184,PO-1184,SUP-006,MAT-102,PLT-06,2025-06-06,322,MT,On-Time,In-Full,0
GRN-5185,PO-1185,SUP-007,MAT-101,PLT-03,2025-05-28,423,MT,On-Time,Short,0
GRN-5186,PO-1186,SUP-007,MAT-101,PLT-03,2025-05-31,386,MT,On-Time,In-Full,0
GRN-5187,PO-1187,SUP-007,MAT-101,PLT-05,2025-06-09,151,MT,On-Time,In-Full,0
GRN-5188,PO-1188,SUP-008,MAT-106,PLT-05,2025-05-28,338,MT,On-Time,In-Full,0
GRN-5189,PO-1189,SUP-008,MAT-106,PLT-05,2025-06-06,306,MT,On-Time,Short,0
GRN-5190,PO-1190,SUP-008,MAT-106,PLT-02,2025-06-08,339,MT,On-Time,In-Full,0
GRN-5191,PO-1191,SUP-008,MAT-106,PLT-05,2025-06-02,536,MT,On-Time,Short,0
GRN-5192,PO-1192,SUP-009,MAT-108,PLT-04,2025-06-05,355,KG,Late,In-Full,5
GRN-5193,PO-1193,SUP-009,MAT-107,PLT-04,2025-05-13,923,KG,On-Time,In-Full,0
GRN-5194,PO-1194,SUP-009,MAT-108,PLT-01,2025-06-06,1362,KG,On-Time,Short,0
GRN-5195,PO-1195,SUP-009,MAT-108,PLT-04,2025-06-11,1039,KG,On-Time,In-Full,0
GRN-5196,PO-1196,SUP-010,MAT-103,PLT-06,2025-06-12,142,MT,On-Time,In-Full,0
GRN-5197,PO-1197,SUP-010,MAT-103,PLT-06,2025-06-23,344,MT,On-Time,In-Full,0
GRN-5198,PO-1198,SUP-011,MAT-105,PLT-05,2025-05-24,141,MT,On-Time,In-Full,0
GRN-5199,PO-1199,SUP-011,MAT-105,PLT-05,2025-05-18,280,MT,On-Time,In-Full,0
GRN-5200,PO-1200,SUP-012,MAT-110,PLT-05,2025-06-03,431,KG,On-Time,In-Full,0
GRN-5201,PO-1201,SUP-012,MAT-110,PLT-05,2025-05-19,393,KG,On-Time,In-Full,0
GRN-5202,PO-1202,SUP-012,MAT-110,PLT-03,2025-06-08,561,KG,On-Time,In-Full,0
GRN-5203,PO-1203,SUP-013,MAT-101,PLT-01,2025-06-08,269,MT,Late,In-Full,9
GRN-5204,PO-1204,SUP-013,MAT-101,PLT-01,2025-06-27,423,MT,Late,In-Full,8
GRN-5205,PO-1205,SUP-013,MAT-101,PLT-01,2025-05-25,247,MT,On-Time,In-Full,0
GRN-5206,PO-1206,SUP-014,MAT-104,PLT-04,2025-06-15,329,MT,On-Time,In-Full,0
GRN-5207,PO-1207,SUP-014,MAT-104,PLT-01,2025-06-12,499,MT,On-Time,In-Full,0
GRN-5208,PO-1208,SUP-014,MAT-104,PLT-02,2025-06-08,184,MT,On-Time,In-Full,0
GRN-5209,PO-1209,SUP-001,MAT-101,PLT-03,2025-06-19,593,MT,On-Time,In-Full,0
GRN-5210,PO-1210,SUP-001,MAT-101,PLT-05,2025-07-21,436,MT,On-Time,In-Full,0
GRN-5211,PO-1211,SUP-001,MAT-101,PLT-05,2025-06-23,454,MT,On-Time,In-Full,0
GRN-5212,PO-1212,SUP-002,MAT-102,PLT-03,2025-06-21,197,MT,On-Time,In-Full,0
GRN-5213,PO-1213,SUP-002,MAT-102,PLT-04,2025-07-07,498,MT,On-Time,In-Full,0
GRN-5214,PO-1214,SUP-002,MAT-102,PLT-05,2025-06-23,513,MT,On-Time,In-Full,0
GRN-5215,PO-1215,SUP-003,MAT-103,PLT-02,2025-06-17,204,MT,On-Time,In-Full,0
GRN-5216,PO-1216,SUP-003,MAT-103,PLT-05,2025-07-16,156,MT,On-Time,In-Full,0
GRN-5217,PO-1217,SUP-004,MAT-104,PLT-06,2025-06-24,458,MT,On-Time,In-Full,0
GRN-5218,PO-1218,SUP-004,MAT-104,PLT-04,2025-07-04,218,MT,On-Time,In-Full,0
GRN-5219,PO-1219,SUP-005,MAT-105,PLT-03,2025-07-05,244,MT,Late,In-Full,4
GRN-5220,PO-1220,SUP-005,MAT-105,PLT-05,2025-07-20,412,MT,On-Time,Short,0
GRN-5221,PO-1221,SUP-005,MAT-105,PLT-04,2025-07-04,275,MT,On-Time,Short,0
GRN-5222,PO-1222,SUP-006,MAT-102,PLT-04,2025-06-26,444,MT,On-Time,In-Full,0
GRN-5223,PO-1223,SUP-006,MAT-102,PLT-05,2025-07-13,92,MT,On-Time,In-Full,0
GRN-5224,PO-1224,SUP-006,MAT-102,PLT-05,2025-07-06,247,MT,On-Time,Short,0
GRN-5225,PO-1225,SUP-006,MAT-102,PLT-03,2025-06-25,144,MT,On-Time,In-Full,0
GRN-5226,PO-1226,SUP-007,MAT-101,PLT-01,2025-06-26,463,MT,On-Time,In-Full,0
GRN-5227,PO-1227,SUP-007,MAT-101,PLT-02,2025-07-01,124,MT,On-Time,In-Full,0
GRN-5228,PO-1228,SUP-007,MAT-101,PLT-04,2025-07-10,329,MT,On-Time,Short,0
GRN-5229,PO-1229,SUP-008,MAT-106,PLT-05,2025-07-19,482,MT,On-Time,In-Full,0
GRN-5230,PO-1230,SUP-008,MAT-106,PLT-06,2025-07-16,242,MT,On-Time,Short,0
GRN-5231,PO-1231,SUP-008,MAT-106,PLT-01,2025-07-19,520,MT,On-Time,In-Full,0
GRN-5232,PO-1232,SUP-009,MAT-108,PLT-03,2025-07-01,563,KG,On-Time,Short,0
GRN-5233,PO-1233,SUP-009,MAT-108,PLT-05,2025-06-27,208,KG,On-Time,Short,0
GRN-5234,PO-1234,SUP-010,MAT-103,PLT-04,2025-07-02,372,MT,On-Time,In-Full,0
GRN-5235,PO-1235,SUP-010,MAT-103,PLT-01,2025-06-27,534,MT,On-Time,In-Full,0
GRN-5236,PO-1236,SUP-010,MAT-103,PLT-01,2025-07-01,153,MT,Late,Short,7
GRN-5237,PO-1237,SUP-010,MAT-103,PLT-04,2025-07-18,314,MT,On-Time,In-Full,0
GRN-5238,PO-1238,SUP-011,MAT-105,PLT-03,2025-07-13,162,MT,On-Time,Short,0
GRN-5239,PO-1239,SUP-011,MAT-105,PLT-04,2025-07-13,470,MT,On-Time,Short,0
GRN-5240,PO-1240,SUP-012,MAT-110,PLT-04,2025-06-28,683,KG,On-Time,In-Full,0
GRN-5241,PO-1241,SUP-012,MAT-110,PLT-03,2025-06-13,688,KG,On-Time,In-Full,0
GRN-5242,PO-1242,SUP-013,MAT-101,PLT-05,2025-07-05,513,MT,On-Time,In-Full,0
GRN-5243,PO-1243,SUP-013,MAT-101,PLT-05,2025-07-12,535,MT,Late,In-Full,11
GRN-5244,PO-1244,SUP-013,MAT-101,PLT-01,2025-06-28,84,MT,On-Time,In-Full,0
GRN-5245,PO-1245,SUP-013,MAT-101,PLT-06,2025-07-03,525,MT,On-Time,In-Full,0
GRN-5246,PO-1246,SUP-014,MAT-104,PLT-01,2025-07-02,401,MT,On-Time,Short,0
GRN-5247,PO-1247,SUP-014,MAT-104,PLT-03,2025-07-07,436,MT,On-Time,In-Full,0
GRN-5248,PO-1248,SUP-001,MAT-101,PLT-02,2025-07-27,326,MT,On-Time,In-Full,0
GRN-5249,PO-1249,SUP-001,MAT-101,PLT-02,2025-07-23,172,MT,On-Time,In-Full,0
GRN-5250,PO-1250,SUP-001,MAT-101,PLT-03,2025-07-24,234,MT,On-Time,In-Full,0
GRN-5251,PO-1251,SUP-002,MAT-102,PLT-03,2025-08-18,96,MT,On-Time,In-Full,0
GRN-5252,PO-1252,SUP-002,MAT-102,PLT-02,2025-07-29,233,MT,On-Time,In-Full,0
GRN-5253,PO-1253,SUP-003,MAT-103,PLT-03,2025-08-16,178,MT,On-Time,In-Full,0
GRN-5254,PO-1254,SUP-003,MAT-103,PLT-04,2025-07-30,163,MT,On-Time,In-Full,0
GRN-5255,PO-1255,SUP-004,MAT-104,PLT-03,2025-08-04,119,MT,On-Time,In-Full,0
GRN-5256,PO-1256,SUP-004,MAT-104,PLT-05,2025-07-20,333,MT,On-Time,In-Full,0
GRN-5257,PO-1257,SUP-004,MAT-104,PLT-05,2025-07-28,291,MT,On-Time,In-Full,0
GRN-5258,PO-1258,SUP-004,MAT-104,PLT-05,2025-08-14,191,MT,Late,In-Full,5
GRN-5259,PO-1259,SUP-005,MAT-105,PLT-02,2025-07-20,281,MT,On-Time,In-Full,0
GRN-5260,PO-1260,SUP-005,MAT-105,PLT-04,2025-07-20,515,MT,On-Time,In-Full,0
GRN-5261,PO-1261,SUP-005,MAT-105,PLT-06,2025-08-10,80,MT,On-Time,In-Full,0
GRN-5262,PO-1262,SUP-005,MAT-105,PLT-06,2025-08-12,311,MT,On-Time,Short,0
GRN-5263,PO-1263,SUP-006,MAT-102,PLT-03,2025-07-24,122,MT,On-Time,In-Full,0
GRN-5264,PO-1264,SUP-006,MAT-102,PLT-03,2025-07-30,247,MT,On-Time,In-Full,0
GRN-5265,PO-1265,SUP-007,MAT-101,PLT-06,2025-08-16,365,MT,On-Time,Short,0
GRN-5266,PO-1266,SUP-007,MAT-101,PLT-01,2025-07-25,91,MT,On-Time,In-Full,0
GRN-5267,PO-1267,SUP-007,MAT-101,PLT-03,2025-08-19,112,MT,On-Time,In-Full,0
GRN-5268,PO-1268,SUP-008,MAT-106,PLT-04,2025-08-26,400,MT,Late,Short,7
GRN-5269,PO-1269,SUP-008,MAT-106,PLT-06,2025-08-07,404,MT,On-Time,In-Full,0
GRN-5270,PO-1270,SUP-009,MAT-108,PLT-02,2025-08-12,196,KG,On-Time,Short,0
GRN-5271,PO-1271,SUP-009,MAT-107,PLT-02,2025-08-03,1001,KG,On-Time,In-Full,0
GRN-5272,PO-1272,SUP-009,MAT-108,PLT-03,2025-07-23,1067,KG,On-Time,In-Full,0
GRN-5273,PO-1273,SUP-010,MAT-103,PLT-06,2025-08-04,449,MT,Late,In-Full,3
GRN-5274,PO-1274,SUP-010,MAT-103,PLT-03,2025-07-28,327,MT,On-Time,In-Full,0
GRN-5275,PO-1275,SUP-010,MAT-103,PLT-01,2025-07-27,445,MT,On-Time,In-Full,0
GRN-5276,PO-1276,SUP-011,MAT-105,PLT-02,2025-07-26,417,MT,On-Time,In-Full,0
GRN-5277,PO-1277,SUP-011,MAT-105,PLT-02,2025-08-25,152,MT,Late,In-Full,11
GRN-5278,PO-1278,SUP-011,MAT-105,PLT-04,2025-08-02,414,MT,On-Time,In-Full,0
GRN-5279,PO-1279,SUP-012,MAT-110,PLT-04,2025-07-29,1352,KG,On-Time,In-Full,0
GRN-5280,PO-1280,SUP-012,MAT-109,PLT-01,2025-07-25,554,EA,On-Time,In-Full,0
GRN-5281,PO-1281,SUP-012,MAT-110,PLT-02,2025-08-22,260,KG,On-Time,In-Full,0
GRN-5282,PO-1282,SUP-013,MAT-101,PLT-02,2025-08-16,229,MT,On-Time,Short,0
GRN-5283,PO-1283,SUP-013,MAT-101,PLT-04,2025-07-29,550,MT,On-Time,In-Full,0
GRN-5284,PO-1284,SUP-013,MAT-101,PLT-06,2025-07-30,368,MT,On-Time,In-Full,0
GRN-5285,PO-1285,SUP-014,MAT-104,PLT-06,2025-08-17,206,MT,On-Time,In-Full,0
GRN-5286,PO-1286,SUP-014,MAT-104,PLT-02,2025-08-10,528,MT,On-Time,In-Full,0
GRN-5287,PO-1287,SUP-014,MAT-104,PLT-01,2025-08-09,324,MT,On-Time,In-Full,0
GRN-5288,PO-1288,SUP-014,MAT-104,PLT-05,2025-07-27,272,MT,On-Time,In-Full,0
GRN-5289,PO-1289,SUP-001,MAT-101,PLT-04,2025-09-03,152,MT,On-Time,In-Full,0
GRN-5290,PO-1290,SUP-001,MAT-101,PLT-01,2025-09-17,508,MT,On-Time,In-Full,0
GRN-5291,PO-1291,SUP-001,MAT-101,PLT-04,2025-09-08,364,MT,On-Time,Short,0
GRN-5292,PO-1292,SUP-002,MAT-102,PLT-03,2025-09-02,285,MT,On-Time,In-Full,0
GRN-5293,PO-1293,SUP-002,MAT-102,PLT-01,2025-09-04,427,MT,On-Time,In-Full,0
GRN-5294,PO-1294,SUP-002,MAT-102,PLT-06,2025-08-28,559,MT,On-Time,In-Full,0
GRN-5295,PO-1295,SUP-002,MAT-102,PLT-03,2025-09-02,569,MT,On-Time,In-Full,0
GRN-5296,PO-1296,SUP-003,MAT-103,PLT-02,2025-09-11,379,MT,On-Time,In-Full,0
GRN-5297,PO-1297,SUP-003,MAT-103,PLT-03,2025-09-12,301,MT,On-Time,In-Full,0
GRN-5298,PO-1298,SUP-003,MAT-103,PLT-06,2025-08-18,419,MT,On-Time,In-Full,0
GRN-5299,PO-1299,SUP-003,MAT-103,PLT-03,2025-09-10,596,MT,On-Time,In-Full,0
GRN-5300,PO-1300,SUP-004,MAT-104,PLT-03,2025-08-22,355,MT,On-Time,In-Full,0
GRN-5301,PO-1301,SUP-004,MAT-104,PLT-05,2025-09-05,538,MT,On-Time,In-Full,0
GRN-5302,PO-1302,SUP-004,MAT-104,PLT-03,2025-09-04,521,MT,On-Time,In-Full,0
GRN-5303,PO-1303,SUP-005,MAT-105,PLT-05,2025-09-03,355,MT,On-Time,In-Full,0
GRN-5304,PO-1304,SUP-005,MAT-105,PLT-03,2025-09-14,192,MT,Late,In-Full,5
GRN-5305,PO-1305,SUP-005,MAT-105,PLT-01,2025-09-10,590,MT,On-Time,In-Full,0
GRN-5306,PO-1306,SUP-006,MAT-102,PLT-04,2025-09-04,301,MT,On-Time,In-Full,0
GRN-5307,PO-1307,SUP-006,MAT-102,PLT-03,2025-09-03,229,MT,On-Time,In-Full,0
GRN-5308,PO-1308,SUP-006,MAT-102,PLT-03,2025-08-21,318,MT,On-Time,In-Full,0
GRN-5309,PO-1309,SUP-007,MAT-101,PLT-05,2025-09-06,445,MT,On-Time,In-Full,0
GRN-5310,PO-1310,SUP-007,MAT-101,PLT-02,2025-09-06,150,MT,Late,In-Full,6
GRN-5311,PO-1311,SUP-007,MAT-101,PLT-06,2025-08-28,375,MT,On-Time,In-Full,0
GRN-5312,PO-1312,SUP-007,MAT-101,PLT-05,2025-08-31,92,MT,On-Time,In-Full,0
GRN-5313,PO-1313,SUP-008,MAT-106,PLT-06,2025-08-27,434,MT,On-Time,In-Full,0
GRN-5314,PO-1314,SUP-008,MAT-106,PLT-06,2025-09-09,168,MT,On-Time,In-Full,0
GRN-5315,PO-1315,SUP-008,MAT-106,PLT-01,2025-09-09,119,MT,On-Time,In-Full,0
GRN-5316,PO-1316,SUP-009,MAT-108,PLT-03,2025-09-04,423,KG,On-Time,In-Full,0
GRN-5317,PO-1317,SUP-009,MAT-108,PLT-06,2025-09-11,1355,KG,On-Time,In-Full,0
GRN-5318,PO-1318,SUP-009,MAT-108,PLT-02,2025-09-09,807,KG,On-Time,In-Full,0
GRN-5319,PO-1319,SUP-009,MAT-107,PLT-05,2025-09-05,1350,KG,On-Time,In-Full,0
GRN-5320,PO-1320,SUP-010,MAT-103,PLT-04,2025-09-11,560,MT,Late,In-Full,7
GRN-5321,PO-1321,SUP-010,MAT-103,PLT-05,2025-09-17,576,MT,On-Time,In-Full,0
GRN-5322,PO-1322,SUP-010,MAT-103,PLT-03,2025-09-07,546,MT,On-Time,In-Full,0
GRN-5323,PO-1323,SUP-011,MAT-105,PLT-01,2025-09-03,119,MT,On-Time,Short,0
GRN-5324,PO-1324,SUP-011,MAT-105,PLT-02,2025-08-27,218,MT,On-Time,In-Full,0
GRN-5325,PO-1325,SUP-011,MAT-105,PLT-03,2025-09-20,312,MT,Late,In-Full,7
GRN-5326,PO-1326,SUP-012,MAT-110,PLT-05,2025-09-06,1467,KG,On-Time,In-Full,0
GRN-5327,PO-1327,SUP-012,MAT-109,PLT-04,2025-08-31,593,EA,On-Time,In-Full,0
GRN-5328,PO-1328,SUP-012,MAT-109,PLT-04,2025-09-02,591,EA,On-Time,In-Full,0
GRN-5329,PO-1329,SUP-013,MAT-101,PLT-02,2025-09-16,589,MT,Late,In-Full,10
GRN-5330,PO-1330,SUP-013,MAT-101,PLT-02,2025-09-05,430,MT,On-Time,In-Full,0
GRN-5331,PO-1331,SUP-013,MAT-101,PLT-01,2025-08-30,512,MT,On-Time,In-Full,0
GRN-5332,PO-1332,SUP-013,MAT-101,PLT-01,2025-09-17,191,MT,On-Time,In-Full,0
GRN-5333,PO-1333,SUP-014,MAT-104,PLT-03,2025-09-07,271,MT,On-Time,In-Full,0
GRN-5334,PO-1334,SUP-014,MAT-104,PLT-04,2025-08-30,187,MT,On-Time,In-Full,0
GRN-5335,PO-1335,SUP-001,MAT-101,PLT-04,2025-09-29,518,MT,On-Time,In-Full,0
GRN-5336,PO-1336,SUP-001,MAT-101,PLT-06,2025-10-13,287,MT,On-Time,In-Full,0
GRN-5337,PO-1337,SUP-001,MAT-101,PLT-06,2025-10-16,318,MT,On-Time,In-Full,0
GRN-5338,PO-1338,SUP-002,MAT-102,PLT-02,2025-09-21,84,MT,On-Time,In-Full,0
GRN-5339,PO-1339,SUP-002,MAT-102,PLT-04,2025-10-05,478,MT,On-Time,In-Full,0
GRN-5340,PO-1340,SUP-002,MAT-102,PLT-05,2025-10-08,460,MT,On-Time,In-Full,0
GRN-5341,PO-1341,SUP-003,MAT-103,PLT-06,2025-09-26,266,MT,On-Time,In-Full,0
GRN-5342,PO-1342,SUP-003,MAT-103,PLT-04,2025-09-28,450,MT,On-Time,In-Full,0
GRN-5343,PO-1343,SUP-003,MAT-103,PLT-05,2025-10-03,442,MT,On-Time,Short,0
GRN-5344,PO-1344,SUP-003,MAT-103,PLT-02,2025-09-24,503,MT,On-Time,In-Full,0
GRN-5345,PO-1345,SUP-004,MAT-104,PLT-04,2025-09-18,495,MT,On-Time,In-Full,0
GRN-5346,PO-1346,SUP-004,MAT-104,PLT-03,2025-09-29,312,MT,On-Time,In-Full,0
GRN-5347,PO-1347,SUP-004,MAT-104,PLT-01,2025-10-13,569,MT,On-Time,In-Full,0
GRN-5348,PO-1348,SUP-004,MAT-104,PLT-06,2025-09-23,582,MT,On-Time,In-Full,0
GRN-5349,PO-1349,SUP-005,MAT-105,PLT-02,2025-10-02,155,MT,On-Time,In-Full,0
GRN-5350,PO-1350,SUP-005,MAT-105,PLT-06,2025-10-20,96,MT,On-Time,In-Full,0
GRN-5351,PO-1351,SUP-005,MAT-105,PLT-06,2025-10-12,479,MT,On-Time,In-Full,0
GRN-5352,PO-1352,SUP-005,MAT-105,PLT-03,2025-10-24,390,MT,On-Time,In-Full,0
GRN-5353,PO-1353,SUP-006,MAT-102,PLT-03,2025-10-14,300,MT,On-Time,In-Full,0
GRN-5354,PO-1354,SUP-006,MAT-102,PLT-04,2025-10-02,88,MT,On-Time,In-Full,0
GRN-5355,PO-1355,SUP-007,MAT-101,PLT-04,2025-10-07,214,MT,On-Time,Short,0
GRN-5356,PO-1356,SUP-007,MAT-101,PLT-04,2025-10-07,223,MT,On-Time,In-Full,0
GRN-5357,PO-1357,SUP-007,MAT-101,PLT-02,2025-10-03,465,MT,Late,In-Full,5
GRN-5358,PO-1358,SUP-007,MAT-101,PLT-04,2025-09-29,109,MT,On-Time,In-Full,0
GRN-5359,PO-1359,SUP-008,MAT-106,PLT-06,2025-10-04,235,MT,On-Time,Short,0
GRN-5360,PO-1360,SUP-008,MAT-106,PLT-04,2025-09-25,487,MT,On-Time,In-Full,0
GRN-5361,PO-1361,SUP-009,MAT-108,PLT-06,2025-09-19,502,KG,On-Time,Short,0
GRN-5362,PO-1362,SUP-009,MAT-108,PLT-06,2025-10-08,862,KG,On-Time,In-Full,0
GRN-5363,PO-1363,SUP-009,MAT-107,PLT-06,2025-10-06,880,KG,On-Time,In-Full,0
GRN-5364,PO-1364,SUP-010,MAT-103,PLT-06,2025-10-02,269,MT,On-Time,In-Full,0
GRN-5365,PO-1365,SUP-010,MAT-103,PLT-01,2025-10-02,423,MT,On-Time,In-Full,0
GRN-5366,PO-1366,SUP-010,MAT-103,PLT-04,2025-10-14,405,MT,On-Time,In-Full,0
GRN-5367,PO-1367,SUP-011,MAT-105,PLT-06,2025-10-03,181,MT,On-Time,In-Full,0
GRN-5368,PO-1368,SUP-011,MAT-105,PLT-03,2025-10-03,279,MT,On-Time,In-Full,0
GRN-5369,PO-1369,SUP-011,MAT-105,PLT-02,2025-09-29,506,MT,On-Time,In-Full,0
GRN-5370,PO-1370,SUP-011,MAT-105,PLT-03,2025-10-08,438,MT,Late,In-Full,10
GRN-5371,PO-1371,SUP-012,MAT-110,PLT-04,2025-09-29,512,KG,On-Time,In-Full,0
GRN-5372,PO-1372,SUP-012,MAT-109,PLT-06,2025-10-10,192,EA,Late,In-Full,3
GRN-5373,PO-1373,SUP-012,MAT-109,PLT-02,2025-10-02,749,EA,On-Time,In-Full,0
GRN-5374,PO-1374,SUP-012,MAT-110,PLT-01,2025-09-17,701,KG,On-Time,In-Full,0
GRN-5375,PO-1375,SUP-013,MAT-101,PLT-04,2025-09-28,362,MT,On-Time,In-Full,0
GRN-5376,PO-1376,SUP-013,MAT-101,PLT-01,2025-10-03,357,MT,On-Time,In-Full,0
GRN-5377,PO-1377,SUP-013,MAT-101,PLT-02,2025-09-29,169,MT,On-Time,In-Full,0
GRN-5378,PO-1378,SUP-013,MAT-101,PLT-01,2025-09-25,308,MT,On-Time,In-Full,0
GRN-5379,PO-1379,SUP-014,MAT-104,PLT-02,2025-10-09,338,MT,On-Time,In-Full,0
GRN-5380,PO-1380,SUP-014,MAT-104,PLT-02,2025-09-23,275,MT,On-Time,In-Full,0
GRN-5381,PO-1381,SUP-014,MAT-104,PLT-06,2025-10-21,491,MT,On-Time,In-Full,0
GRN-5382,PO-1382,SUP-001,MAT-101,PLT-05,2025-10-26,132,MT,On-Time,In-Full,0
GRN-5383,PO-1383,SUP-001,MAT-101,PLT-06,2025-10-25,428,MT,On-Time,In-Full,0
GRN-5384,PO-1384,SUP-001,MAT-101,PLT-03,2025-10-28,215,MT,On-Time,In-Full,0
GRN-5385,PO-1385,SUP-001,MAT-101,PLT-03,2025-11-08,287,MT,On-Time,In-Full,0
GRN-5386,PO-1386,SUP-002,MAT-102,PLT-06,2025-11-02,506,MT,On-Time,In-Full,0
GRN-5387,PO-1387,SUP-002,MAT-102,PLT-04,2025-11-02,258,MT,On-Time,In-Full,0
GRN-5388,PO-1388,SUP-002,MAT-102,PLT-06,2025-11-20,508,MT,On-Time,In-Full,0
GRN-5389,PO-1389,SUP-002,MAT-102,PLT-05,2025-11-08,193,MT,On-Time,In-Full,0
GRN-5390,PO-1390,SUP-003,MAT-103,PLT-03,2025-10-29,519,MT,On-Time,In-Full,0
GRN-5391,PO-1391,SUP-003,MAT-103,PLT-02,2025-10-28,206,MT,On-Time,In-Full,0
GRN-5392,PO-1392,SUP-004,MAT-104,PLT-03,2025-11-07,431,MT,On-Time,In-Full,0
GRN-5393,PO-1393,SUP-004,MAT-104,PLT-03,2025-10-26,382,MT,On-Time,In-Full,0
GRN-5394,PO-1394,SUP-004,MAT-104,PLT-05,2025-11-04,169,MT,On-Time,In-Full,0
GRN-5395,PO-1395,SUP-004,MAT-104,PLT-04,2025-11-14,137,MT,On-Time,In-Full,0
GRN-5396,PO-1396,SUP-005,MAT-105,PLT-01,2025-11-07,423,MT,On-Time,In-Full,0
GRN-5397,PO-1397,SUP-005,MAT-105,PLT-03,2025-11-06,104,MT,On-Time,In-Full,0
GRN-5398,PO-1398,SUP-005,MAT-105,PLT-05,2025-10-27,100,MT,On-Time,In-Full,0
GRN-5399,PO-1399,SUP-006,MAT-102,PLT-04,2025-10-31,270,MT,On-Time,In-Full,0
GRN-5400,PO-1400,SUP-006,MAT-102,PLT-04,2025-10-26,158,MT,On-Time,In-Full,0
GRN-5401,PO-1401,SUP-007,MAT-101,PLT-05,2025-11-09,588,MT,Late,In-Full,6
GRN-5402,PO-1402,SUP-007,MAT-101,PLT-05,2025-11-06,230,MT,On-Time,In-Full,0
GRN-5403,PO-1403,SUP-007,MAT-101,PLT-02,2025-11-07,454,MT,On-Time,In-Full,0
GRN-5404,PO-1404,SUP-007,MAT-101,PLT-06,2025-10-22,223,MT,On-Time,In-Full,0
GRN-5405,PO-1405,SUP-008,MAT-106,PLT-06,2025-11-08,311,MT,On-Time,In-Full,0
GRN-5406,PO-1406,SUP-008,MAT-106,PLT-01,2025-10-30,231,MT,On-Time,In-Full,0
GRN-5407,PO-1407,SUP-009,MAT-108,PLT-03,2025-10-25,378,KG,On-Time,In-Full,0
GRN-5408,PO-1408,SUP-009,MAT-107,PLT-03,2025-11-08,663,KG,Late,In-Full,11
GRN-5409,PO-1409,SUP-009,MAT-107,PLT-01,2025-11-24,423,KG,Late,In-Full,11
GRN-5410,PO-1410,SUP-009,MAT-108,PLT-04,2025-11-08,917,KG,On-Time,In-Full,0
GRN-5411,PO-1411,SUP-010,MAT-103,PLT-04,2025-10-29,413,MT,On-Time,In-Full,0
GRN-5412,PO-1412,SUP-010,MAT-103,PLT-01,2025-10-28,93,MT,On-Time,In-Full,0
GRN-5413,PO-1413,SUP-010,MAT-103,PLT-05,2025-11-06,385,MT,On-Time,In-Full,0
GRN-5414,PO-1414,SUP-011,MAT-105,PLT-02,2025-11-03,469,MT,On-Time,In-Full,0
GRN-5415,PO-1415,SUP-011,MAT-105,PLT-03,2025-11-03,397,MT,On-Time,Short,0
GRN-5416,PO-1416,SUP-011,MAT-105,PLT-04,2025-10-21,204,MT,On-Time,In-Full,0
GRN-5417,PO-1417,SUP-011,MAT-105,PLT-02,2025-11-15,551,MT,On-Time,In-Full,0
GRN-5418,PO-1418,SUP-012,MAT-110,PLT-02,2025-10-26,447,KG,On-Time,In-Full,0
GRN-5419,PO-1419,SUP-012,MAT-109,PLT-05,2025-10-31,530,EA,On-Time,In-Full,0
GRN-5420,PO-1420,SUP-012,MAT-109,PLT-03,2025-11-09,633,EA,On-Time,In-Full,0
GRN-5421,PO-1421,SUP-013,MAT-101,PLT-01,2025-11-05,286,MT,On-Time,In-Full,0
GRN-5422,PO-1422,SUP-013,MAT-101,PLT-05,2025-11-06,400,MT,On-Time,In-Full,0
GRN-5423,PO-1423,SUP-013,MAT-101,PLT-02,2025-10-28,243,MT,On-Time,Short,0
GRN-5424,PO-1424,SUP-014,MAT-104,PLT-02,2025-10-31,89,MT,On-Time,In-Full,0
GRN-5425,PO-1425,SUP-014,MAT-104,PLT-06,2025-11-02,290,MT,On-Time,In-Full,0
GRN-5426,PO-1426,SUP-014,MAT-104,PLT-05,2025-11-03,298,MT,On-Time,In-Full,0
GRN-5427,PO-1427,SUP-014,MAT-104,PLT-03,2025-10-27,492,MT,On-Time,In-Full,0
GRN-5428,PO-1428,SUP-001,MAT-101,PLT-02,2025-12-04,169,MT,On-Time,In-Full,0
GRN-5429,PO-1429,SUP-001,MAT-101,PLT-06,2025-11-15,363,MT,On-Time,In-Full,0
GRN-5430,PO-1430,SUP-001,MAT-101,PLT-03,2025-12-06,153,MT,On-Time,In-Full,0
GRN-5431,PO-1431,SUP-002,MAT-102,PLT-01,2025-11-22,209,MT,On-Time,In-Full,0
GRN-5432,PO-1432,SUP-002,MAT-102,PLT-05,2025-12-05,231,MT,On-Time,In-Full,0
GRN-5433,PO-1433,SUP-003,MAT-103,PLT-03,2025-11-30,483,MT,On-Time,In-Full,0
GRN-5434,PO-1434,SUP-003,MAT-103,PLT-01,2025-12-14,233,MT,On-Time,In-Full,0
GRN-5435,PO-1435,SUP-003,MAT-103,PLT-03,2025-11-20,128,MT,On-Time,In-Full,0
GRN-5436,PO-1436,SUP-004,MAT-104,PLT-06,2025-12-11,208,MT,On-Time,In-Full,0
GRN-5437,PO-1437,SUP-004,MAT-104,PLT-01,2025-11-30,413,MT,On-Time,In-Full,0
GRN-5438,PO-1438,SUP-004,MAT-104,PLT-06,2025-11-23,219,MT,On-Time,In-Full,0
GRN-5439,PO-1439,SUP-005,MAT-105,PLT-04,2025-11-26,209,MT,On-Time,In-Full,0
GRN-5440,PO-1440,SUP-005,MAT-105,PLT-05,2025-12-05,317,MT,On-Time,In-Full,0
GRN-5441,PO-1441,SUP-005,MAT-105,PLT-03,2025-12-04,150,MT,On-Time,In-Full,0
GRN-5442,PO-1442,SUP-006,MAT-102,PLT-05,2025-11-18,372,MT,On-Time,In-Full,0
GRN-5443,PO-1443,SUP-006,MAT-102,PLT-05,2025-11-27,582,MT,On-Time,In-Full,0
GRN-5444,PO-1444,SUP-006,MAT-102,PLT-03,2025-11-21,595,MT,On-Time,In-Full,0
GRN-5445,PO-1445,SUP-006,MAT-102,PLT-02,2025-12-15,471,MT,On-Time,In-Full,0
GRN-5446,PO-1446,SUP-007,MAT-101,PLT-02,2025-12-17,539,MT,On-Time,In-Full,0
GRN-5447,PO-1447,SUP-007,MAT-101,PLT-06,2025-12-01,373,MT,On-Time,In-Full,0
GRN-5448,PO-1448,SUP-008,MAT-106,PLT-06,2025-12-21,136,MT,On-Time,In-Full,0
GRN-5449,PO-1449,SUP-008,MAT-106,PLT-04,2025-12-07,104,MT,On-Time,In-Full,0
GRN-5450,PO-1450,SUP-009,MAT-108,PLT-02,2025-12-01,1449,KG,On-Time,In-Full,0
GRN-5451,PO-1451,SUP-009,MAT-107,PLT-03,2025-11-14,1409,KG,On-Time,In-Full,0
GRN-5452,PO-1452,SUP-010,MAT-103,PLT-01,2025-12-05,219,MT,On-Time,In-Full,0
GRN-5453,PO-1453,SUP-010,MAT-103,PLT-03,2025-11-22,329,MT,On-Time,In-Full,0
GRN-5454,PO-1454,SUP-010,MAT-103,PLT-06,2025-11-29,267,MT,On-Time,In-Full,0
GRN-5455,PO-1455,SUP-011,MAT-105,PLT-06,2025-11-24,257,MT,On-Time,In-Full,0
GRN-5456,PO-1456,SUP-011,MAT-105,PLT-04,2025-12-16,105,MT,Late,In-Full,8
GRN-5457,PO-1457,SUP-012,MAT-109,PLT-01,2025-11-25,296,EA,On-Time,In-Full,0
GRN-5458,PO-1458,SUP-012,MAT-110,PLT-05,2025-12-03,1328,KG,On-Time,In-Full,0
GRN-5459,PO-1459,SUP-012,MAT-109,PLT-03,2025-12-13,621,EA,On-Time,In-Full,0
GRN-5460,PO-1460,SUP-013,MAT-101,PLT-03,2025-11-20,388,MT,On-Time,In-Full,0
GRN-5461,PO-1461,SUP-013,MAT-101,PLT-04,2025-12-03,148,MT,On-Time,In-Full,0
GRN-5462,PO-1462,SUP-014,MAT-104,PLT-03,2025-12-10,278,MT,On-Time,In-Full,0
GRN-5463,PO-1463,SUP-014,MAT-104,PLT-01,2025-12-07,459,MT,On-Time,In-Full,0
GRN-5464,PO-1464,SUP-001,MAT-101,PLT-05,2026-01-16,123,MT,On-Time,In-Full,0
GRN-5465,PO-1465,SUP-001,MAT-101,PLT-05,2025-12-17,481,MT,On-Time,In-Full,0
GRN-5466,PO-1466,SUP-001,MAT-101,PLT-02,2025-12-31,404,MT,On-Time,In-Full,0
GRN-5467,PO-1467,SUP-001,MAT-101,PLT-06,2026-01-04,164,MT,On-Time,In-Full,0
GRN-5468,PO-1468,SUP-002,MAT-102,PLT-04,2026-01-06,385,MT,On-Time,In-Full,0
GRN-5469,PO-1469,SUP-002,MAT-102,PLT-01,2026-01-18,150,MT,On-Time,In-Full,0
GRN-5470,PO-1470,SUP-002,MAT-102,PLT-05,2025-12-22,98,MT,On-Time,In-Full,0
GRN-5471,PO-1471,SUP-002,MAT-102,PLT-04,2026-01-01,515,MT,On-Time,In-Full,0
GRN-5472,PO-1472,SUP-003,MAT-103,PLT-05,2026-01-12,401,MT,Late,In-Full,5
GRN-5473,PO-1473,SUP-003,MAT-103,PLT-06,2026-01-17,98,MT,On-Time,In-Full,0
GRN-5474,PO-1474,SUP-004,MAT-104,PLT-01,2025-12-22,283,MT,On-Time,In-Full,0
GRN-5475,PO-1475,SUP-004,MAT-104,PLT-06,2026-01-02,423,MT,On-Time,In-Full,0
GRN-5476,PO-1476,SUP-004,MAT-104,PLT-04,2025-12-23,400,MT,On-Time,In-Full,0
GRN-5477,PO-1477,SUP-005,MAT-105,PLT-03,2025-12-18,161,MT,On-Time,In-Full,0
GRN-5478,PO-1478,SUP-005,MAT-105,PLT-03,2026-01-05,468,MT,On-Time,In-Full,0
GRN-5479,PO-1479,SUP-005,MAT-105,PLT-04,2025-12-17,390,MT,On-Time,In-Full,0
GRN-5480,PO-1480,SUP-006,MAT-102,PLT-06,2025-12-20,187,MT,On-Time,In-Full,0
GRN-5481,PO-1481,SUP-006,MAT-102,PLT-02,2025-12-30,565,MT,On-Time,In-Full,0
GRN-5482,PO-1482,SUP-006,MAT-102,PLT-06,2026-01-11,153,MT,On-Time,In-Full,0
GRN-5483,PO-1483,SUP-006,MAT-102,PLT-01,2026-01-06,356,MT,On-Time,In-Full,0
GRN-5484,PO-1484,SUP-007,MAT-101,PLT-05,2026-01-01,403,MT,On-Time,In-Full,0
GRN-5485,PO-1485,SUP-007,MAT-101,PLT-04,2026-01-04,427,MT,On-Time,In-Full,0
GRN-5486,PO-1486,SUP-008,MAT-106,PLT-05,2025-12-20,572,MT,On-Time,In-Full,0
GRN-5487,PO-1487,SUP-008,MAT-106,PLT-02,2025-12-28,168,MT,On-Time,Short,0
GRN-5488,PO-1488,SUP-008,MAT-106,PLT-02,2026-01-08,543,MT,On-Time,In-Full,0
GRN-5489,PO-1489,SUP-008,MAT-106,PLT-04,2025-12-31,414,MT,On-Time,In-Full,0
GRN-5490,PO-1490,SUP-009,MAT-108,PLT-04,2026-01-16,286,KG,On-Time,In-Full,0
GRN-5491,PO-1491,SUP-009,MAT-107,PLT-03,2025-12-29,1315,KG,On-Time,In-Full,0
GRN-5492,PO-1492,SUP-009,MAT-107,PLT-04,2026-01-14,353,KG,Late,In-Full,8
GRN-5493,PO-1493,SUP-009,MAT-107,PLT-06,2026-01-03,265,KG,Late,In-Full,10
GRN-5494,PO-1494,SUP-010,MAT-103,PLT-06,2025-12-20,505,MT,On-Time,Short,0
GRN-5495,PO-1495,SUP-010,MAT-103,PLT-01,2026-01-13,466,MT,On-Time,In-Full,0
GRN-5496,PO-1496,SUP-010,MAT-103,PLT-06,2025-12-26,317,MT,On-Time,Short,0
GRN-5497,PO-1497,SUP-011,MAT-105,PLT-03,2025-12-28,437,MT,On-Time,In-Full,0
GRN-5498,PO-1498,SUP-011,MAT-105,PLT-06,2026-01-10,527,MT,On-Time,In-Full,0
GRN-5499,PO-1499,SUP-011,MAT-105,PLT-05,2025-12-26,421,MT,On-Time,In-Full,0
GRN-5500,PO-1500,SUP-012,MAT-110,PLT-05,2025-12-24,1039,KG,On-Time,In-Full,0
GRN-5501,PO-1501,SUP-012,MAT-109,PLT-01,2025-12-18,764,EA,On-Time,In-Full,0
GRN-5502,PO-1502,SUP-013,MAT-101,PLT-05,2026-01-14,412,MT,On-Time,Short,0
GRN-5503,PO-1503,SUP-013,MAT-101,PLT-06,2025-12-22,571,MT,On-Time,In-Full,0
GRN-5504,PO-1504,SUP-013,MAT-101,PLT-02,2026-01-13,169,MT,Late,Short,6
GRN-5505,PO-1505,SUP-014,MAT-104,PLT-05,2025-12-28,107,MT,On-Time,In-Full,0
GRN-5506,PO-1506,SUP-014,MAT-104,PLT-03,2025-12-17,188,MT,On-Time,In-Full,0
GRN-5507,PO-1507,SUP-014,MAT-104,PLT-04,2026-01-11,463,MT,On-Time,In-Full,0
