po_id,order_date,supplier_id,material_id,plant_id,order_qty,unit_of_measure,unit_price_usd,po_value_usd,promised_delivery_date,po_status
PO-1000,2025-01-07,SUP-001,MAT-101,PLT-04,350,MT,53.46,18711.0,2025-02-04,Closed
PO-1001,2025-01-12,SUP-001,MAT-101,PLT-04,393,MT,53.67,21092.31,2025-02-15,Closed
PO-1002,2025-01-03,SUP-001,MAT-101,PLT-03,323,MT,54.02,17448.46,2025-01-17,Closed
PO-1003,2025-01-12,SUP-001,MAT-101,PLT-04,171,MT,53.39,9129.69,2025-01-29,Closed
PO-1004,2025-01-02,SUP-002,MAT-102,PLT-05,481,MT,316.13,152058.53,2025-01-21,Closed
PO-1005,2025-01-13,SUP-002,MAT-102,PLT-02,132,MT,312.3,41223.6,2025-01-31,Closed
PO-1006,2025-01-19,SUP-002,MAT-102,PLT-01,551,MT,314.95,173537.45,2025-02-14,Closed
PO-1007,2025-01-05,SUP-003,MAT-103,PLT-01,112,MT,48.09,5386.08,2025-01-17,Closed
PO-1008,2025-01-10,SUP-003,MAT-103,PLT-06,472,MT,47.71,22519.12,2025-02-01,Closed
PO-1009,2025-01-11,SUP-003,MAT-103,PLT-04,564,MT,48.43,27314.52,2025-01-24,Closed
PO-1010,2025-01-01,SUP-003,MAT-103,PLT-05,107,MT,47.74,5108.18,2025-01-11,Closed
PO-1011,2025-01-12,SUP-004,MAT-104,PLT-01,397,MT,42.37,16820.89,2025-02-14,Closed
PO-1012,2025-01-12,SUP-004,MAT-104,PLT-04,192,MT,42.0,8064.0,2025-01-28,Closed
PO-1013,2025-01-12,SUP-004,MAT-104,PLT-01,464,MT,41.78,19385.92,2025-01-27,Closed
PO-1014,2025-01-16,SUP-004,MAT-104,PLT-05,277,MT,42.28,11711.56,2025-02-10,Closed
PO-1015,2025-01-07,SUP-005,MAT-105,PLT-02,590,MT,31.16,18384.4,2025-02-05,Closed
PO-1016,2025-01-10,SUP-005,MAT-105,PLT-04,552,MT,30.74,16968.48,2025-01-22,Closed
PO-1017,2025-01-09,SUP-005,MAT-105,PLT-04,532,MT,30.81,16390.92,2025-01-27,Closed
PO-1018,2025-01-03,SUP-005,MAT-105,PLT-04,499,MT,30.66,15299.34,2025-01-28,Closed
PO-1019,2025-01-16,SUP-006,MAT-102,PLT-01,240,MT,319.15,76596.0,2025-02-14,Closed
PO-1020,2025-01-06,SUP-006,MAT-102,PLT-06,454,MT,319.32,144971.28,2025-01-21,Closed
PO-1021,2025-01-04,SUP-007,MAT-101,PLT-01,532,MT,56.95,30297.4,2025-01-16,Closed
PO-1022,2025-01-17,SUP-007,MAT-101,PLT-01,116,MT,57.16,6630.56,2025-02-09,Closed
PO-1023,2025-01-15,SUP-007,MAT-101,PLT-02,402,MT,56.49,22708.98,2025-02-15,Closed
PO-1024,2025-01-10,SUP-007,MAT-101,PLT-03,325,MT,56.56,18382.0,2025-02-11,Closed
PO-1025,2025-01-17,SUP-008,MAT-106,PLT-04,433,MT,214.36,92817.88,2025-02-15,Closed
PO-1026,2025-01-12,SUP-008,MAT-106,PLT-01,343,MT,216.82,74369.26,2025-02-02,Closed
PO-1027,2025-01-10,SUP-008,MAT-106,PLT-04,348,MT,217.54,75703.92,2025-02-07,Closed
PO-1028,2025-01-15,SUP-008,MAT-106,PLT-04,137,MT,215.21,29483.77,2025-01-26,Closed
PO-1029,2025-01-03,SUP-009,MAT-107,PLT-05,780,KG,156.79,122296.2,2025-01-24,Closed
PO-1030,2025-01-10,SUP-009,MAT-108,PLT-05,1477,KG,173.23,255860.71,2025-02-10,Closed
PO-1031,2025-01-02,SUP-010,MAT-103,PLT-04,95,MT,49.79,4730.05,2025-01-28,Closed
PO-1032,2025-01-01,SUP-010,MAT-103,PLT-05,506,MT,49.83,25213.98,2025-01-18,Closed
PO-1033,2025-01-10,SUP-011,MAT-105,PLT-03,169,MT,32.26,5451.94,2025-01-21,Closed
PO-1034,2025-01-10,SUP-011,MAT-105,PLT-04,356,MT,32.55,11587.8,2025-01-24,Closed
PO-1035,2025-01-03,SUP-011,MAT-105,PLT-05,448,MT,32.33,14483.84,2025-01-21,Closed
PO-1036,2025-01-14,SUP-012,MAT-109,PLT-03,554,EA,22.03,12204.62,2025-02-12,Closed
PO-1037,2025-01-07,SUP-012,MAT-109,PLT-04,668,EA,22.19,14822.92,2025-01-29,Closed
PO-1038,2025-01-08,SUP-013,MAT-101,PLT-05,309,MT,59.29,18320.61,2025-01-27,Closed
PO-1039,2025-01-07,SUP-013,MAT-101,PLT-01,421,MT,59.5,25049.5,2025-02-10,Closed
PO-1040,2025-01-20,SUP-014,MAT-104,PLT-03,252,MT,41.68,10503.36,2025-02-06,Closed
PO-1041,2025-01-17,SUP-014,MAT-104,PLT-04,269,MT,42.31,11381.39,2025-02-20,Closed
PO-1042,2025-01-17,SUP-014,MAT-104,PLT-05,306,MT,41.83,12799.98,2025-02-09,Closed
PO-1043,2025-02-05,SUP-001,MAT-101,PLT-02,395,MT,53.64,21187.8,2025-02-23,Closed
PO-1044,2025-02-03,SUP-001,MAT-101,PLT-01,540,MT,54.39,29370.6,2025-02-18,Closed
PO-1045,2025-02-15,SUP-001,MAT-101,PLT-01,453,MT,53.76,24353.28,2025-03-13,Closed
PO-1046,2025-02-06,SUP-002,MAT-102,PLT-05,597,MT,313.95,187428.15,2025-02-18,Closed
PO-1047,2025-02-13,SUP-002,MAT-102,PLT-01,80,MT,311.86,24948.8,2025-02-26,Closed
PO-1048,2025-02-12,SUP-003,MAT-103,PLT-06,197,MT,48.05,9465.85,2025-02-22,Closed
PO-1049,2025-02-06,SUP-003,MAT-103,PLT-05,154,MT,47.86,7370.44,2025-02-17,Closed
PO-1050,2025-02-10,SUP-003,MAT-103,PLT-01,245,MT,48.19,11806.55,2025-03-10,Closed
PO-1051,2025-02-11,SUP-004,MAT-104,PLT-02,132,MT,41.78,5514.96,2025-03-03,Closed
PO-1052,2025-02-03,SUP-004,MAT-104,PLT-04,439,MT,42.01,18442.39,2025-02-15,Closed
PO-1053,2025-02-12,SUP-005,MAT-105,PLT-06,592,MT,30.82,18245.44,2025-03-07,Closed
PO-1054,2025-02-15,SUP-005,MAT-105,PLT-02,328,MT,31.12,10207.36,2025-03-20,Closed
PO-1055,2025-02-14,SUP-006,MAT-102,PLT-05,382,MT,320.2,122316.4,2025-03-18,Closed
PO-1056,2025-02-05,SUP-006,MAT-102,PLT-04,353,MT,320.41,113104.73,2025-02-24,Closed
PO-1057,2025-02-15,SUP-006,MAT-102,PLT-03,312,MT,320.24,99914.88,2025-02-28,Closed
PO-1058,2025-02-20,SUP-006,MAT-102,PLT-04,504,MT,318.36,160453.44,2025-03-03,Closed
PO-1059,2025-02-11,SUP-007,MAT-101,PLT-06,582,MT,57.09,33226.38,2025-03-16,Closed
PO-1060,2025-02-20,SUP-007,MAT-101,PLT-04,302,MT,57.05,17229.1,2025-03-12,Closed
PO-1061,2025-02-13,SUP-007,MAT-101,PLT-03,471,MT,56.33,26531.43,2025-03-06,Closed
PO-1062,2025-02-01,SUP-008,MAT-106,PLT-05,218,MT,215.61,47002.98,2025-02-16,Closed
PO-1063,2025-02-03,SUP-008,MAT-106,PLT-01,398,MT,217.77,86672.46,2025-03-01,Closed
PO-1064,2025-02-08,SUP-008,MAT-106,PLT-04,592,MT,217.54,128783.68,2025-02-28,Closed
PO-1065,2025-02-04,SUP-009,MAT-107,PLT-03,277,KG,157.69,43680.13,2025-03-10,Closed
PO-1066,2025-02-02,SUP-009,MAT-107,PLT-01,1448,KG,155.34,224932.32,2025-02-25,Closed
PO-1067,2025-02-04,SUP-010,MAT-103,PLT-05,368,MT,49.68,18282.24,2025-02-19,Closed
PO-1068,2025-02-06,SUP-010,MAT-103,PLT-02,596,MT,49.07,29245.72,2025-02-28,Closed
PO-1069,2025-02-19,SUP-010,MAT-103,PLT-04,209,MT,49.48,10341.32,2025-03-04,Closed
PO-1070,2025-02-13,SUP-010,MAT-103,PLT-02,381,MT,49.45,18840.45,2025-03-02,Closed
PO-1071,2025-02-09,SUP-011,MAT-105,PLT-05,206,MT,32.15,6622.9,2025-03-12,Closed
PO-1072,2025-02-20,SUP-011,MAT-105,PLT-01,388,MT,32.1,12454.8,2025-03-26,Closed
PO-1073,2025-02-17,SUP-012,MAT-110,PLT-02,674,KG,7.93,5344.82,2025-03-09,Closed
PO-1074,2025-02-11,SUP-012,MAT-110,PLT-01,484,KG,7.96,3852.64,2025-03-14,Closed
PO-1075,2025-02-08,SUP-012,MAT-110,PLT-01,541,KG,7.97,4311.77,2025-03-06,Closed
PO-1076,2025-02-19,SUP-012,MAT-109,PLT-05,523,EA,21.91,11458.93,2025-03-18,Closed
PO-1077,2025-02-07,SUP-013,MAT-101,PLT-03,343,MT,59.26,20326.18,2025-02-19,Closed
PO-1078,2025-02-03,SUP-013,MAT-101,PLT-04,257,MT,59.07,15180.99,2025-03-08,Closed
PO-1079,2025-02-14,SUP-013,MAT-101,PLT-04,343,MT,59.74,20490.82,2025-03-19,Closed
PO-1080,2025-02-16,SUP-014,MAT-104,PLT-02,230,MT,42.07,9676.1,2025-03-16,Closed
PO-1081,2025-02-09,SUP-014,MAT-104,PLT-04,340,MT,42.3,14382.0,2025-02-20,Closed
PO-1082,2025-02-14,SUP-014,MAT-104,PLT-02,237,MT,42.25,10013.25,2025-03-18,Closed
PO-1083,2025-02-11,SUP-014,MAT-104,PLT-01,438,MT,42.41,18575.58,2025-03-06,Closed
PO-1084,2025-03-06,SUP-001,MAT-101,PLT-06,113,MT,53.58,6054.54,2025-03-27,Closed
PO-1085,2025-03-13,SUP-001,MAT-101,PLT-06,247,MT,53.89,13310.83,2025-04-16,Closed
PO-1086,2025-03-04,SUP-002,MAT-102,PLT-04,442,MT,311.97,137890.74,2025-04-01,Closed
PO-1087,2025-03-15,SUP-002,MAT-102,PLT-03,306,MT,316.4,96818.4,2025-04-17,Closed
PO-1088,2025-03-02,SUP-002,MAT-102,PLT-05,561,MT,312.6,175368.6,2025-04-01,Closed
PO-1089,2025-03-18,SUP-003,MAT-103,PLT-02,104,MT,47.52,4942.08,2025-04-01,Closed
PO-1090,2025-03-08,SUP-003,MAT-103,PLT-01,91,MT,48.25,4390.75,2025-04-07,Closed
PO-1091,2025-03-10,SUP-003,MAT-103,PLT-03,568,MT,48.41,27496.88,2025-04-04,Closed
PO-1092,2025-03-18,SUP-003,MAT-103,PLT-01,577,MT,48.33,27886.41,2025-04-16,Closed
PO-1093,2025-03-05,SUP-004,MAT-104,PLT-03,267,MT,41.87,11179.29,2025-03-25,Closed
PO-1094,2025-03-12,SUP-004,MAT-104,PLT-01,95,MT,41.6,3952.0,2025-03-23,Closed
PO-1095,2025-03-17,SUP-004,MAT-104,PLT-03,118,MT,41.98,4953.64,2025-04-16,Closed
PO-1096,2025-03-03,SUP-005,MAT-105,PLT-04,468,MT,30.81,14419.08,2025-03-25,Closed
PO-1097,2025-03-04,SUP-005,MAT-105,PLT-05,478,MT,31.17,14899.26,2025-03-25,Closed
PO-1098,2025-03-08,SUP-005,MAT-105,PLT-02,232,MT,31.1,7215.2,2025-04-06,Closed
PO-1099,2025-03-05,SUP-005,MAT-105,PLT-02,585,MT,31.18,18240.3,2025-04-05,Closed
PO-1100,2025-03-17,SUP-006,MAT-102,PLT-02,498,MT,322.54,160624.92,2025-04-19,Closed
PO-1101,2025-03-03,SUP-006,MAT-102,PLT-06,436,MT,317.08,138246.88,2025-03-21,Closed
PO-1102,2025-03-15,SUP-006,MAT-102,PLT-03,305,MT,318.46,97130.3,2025-03-30,Closed
PO-1103,2025-03-06,SUP-006,MAT-102,PLT-03,119,MT,321.9,38306.1,2025-04-08,Closed
PO-1104,2025-03-10,SUP-007,MAT-101,PLT-05,110,MT,56.35,6198.5,2025-03-30,Closed
PO-1105,2025-03-17,SUP-007,MAT-101,PLT-02,303,MT,56.79,17207.37,2025-04-04,Closed
PO-1106,2025-03-02,SUP-007,MAT-101,PLT-06,534,MT,57.13,30507.42,2025-03-26,Closed
PO-1107,2025-03-18,SUP-007,MAT-101,PLT-06,101,MT,57.19,5776.19,2025-04-14,Closed
PO-1108,2025-03-19,SUP-008,MAT-106,PLT-05,112,MT,217.07,24311.84,2025-04-08,Closed
PO-1109,2025-03-15,SUP-008,MAT-106,PLT-05,236,MT,215.17,50780.12,2025-04-07,Closed
PO-1110,2025-03-06,SUP-008,MAT-106,PLT-05,382,MT,215.35,82263.7,2025-04-03,Closed
PO-1111,2025-03-08,SUP-008,MAT-106,PLT-01,350,MT,215.06,75271.0,2025-03-31,Closed
PO-1112,2025-03-15,SUP-009,MAT-108,PLT-04,1098,KG,171.2,187977.6,2025-04-18,Closed
PO-1113,2025-03-08,SUP-009,MAT-108,PLT-01,316,KG,174.35,55094.6,2025-03-28,Closed
PO-1114,2025-03-09,SUP-010,MAT-103,PLT-06,90,MT,49.66,4469.4,2025-03-26,Closed
PO-1115,2025-03-01,SUP-010,MAT-103,PLT-06,165,MT,49.7,8200.5,2025-03-20,Closed
PO-1116,2025-03-02,SUP-010,MAT-103,PLT-01,195,MT,49.5,9652.5,2025-03-17,Closed
PO-1117,2025-03-06,SUP-010,MAT-103,PLT-03,396,MT,49.01,19407.96,2025-03-24,Closed
PO-1118,2025-03-20,SUP-011,MAT-105,PLT-03,462,MT,32.43,14982.66,2025-04-14,Closed
PO-1119,2025-03-14,SUP-011,MAT-105,PLT-05,322,MT,32.55,10481.1,2025-03-27,Closed
PO-1120,2025-03-15,SUP-011,MAT-105,PLT-04,114,MT,32.6,3716.4,2025-03-25,Closed
PO-1121,2025-03-18,SUP-011,MAT-105,PLT-04,443,MT,32.41,14357.63,2025-04-13,Closed
PO-1122,2025-03-12,SUP-012,MAT-109,PLT-02,345,EA,22.05,7607.25,2025-03-24,Closed
PO-1123,2025-03-05,SUP-012,MAT-110,PLT-06,574,KG,8.0,4592.0,2025-03-20,Closed
PO-1124,2025-03-02,SUP-012,MAT-110,PLT-02,1090,KG,8.03,8752.7,2025-03-14,Closed
PO-1125,2025-03-10,SUP-013,MAT-101,PLT-03,349,MT,59.76,20856.24,2025-03-31,Closed
PO-1126,2025-03-17,SUP-013,MAT-101,PLT-03,283,MT,59.74,16906.42,2025-04-19,Closed
PO-1127,2025-03-06,SUP-013,MAT-101,PLT-05,80,MT,59.88,4790.4,2025-03-20,Closed
PO-1128,2025-03-07,SUP-014,MAT-104,PLT-03,205,MT,42.01,8612.05,2025-04-09,Closed
PO-1129,2025-03-06,SUP-014,MAT-104,PLT-02,420,MT,42.39,17803.8,2025-03-20,Closed
PO-1130,2025-03-19,SUP-014,MAT-104,PLT-01,424,MT,42.27,17922.48,2025-04-13,Closed
PO-1131,2025-04-02,SUP-001,MAT-101,PLT-05,238,MT,53.71,12782.98,2025-04-17,Closed
PO-1132,2025-04-15,SUP-001,MAT-101,PLT-05,410,MT,53.75,22037.5,2025-04-25,Closed
PO-1133,2025-04-03,SUP-002,MAT-102,PLT-01,384,MT,310.49,119228.16,2025-04-24,Closed
PO-1134,2025-04-06,SUP-002,MAT-102,PLT-03,164,MT,315.61,51760.04,2025-05-06,Closed
PO-1135,2025-04-13,SUP-003,MAT-103,PLT-06,577,MT,47.71,27528.67,2025-05-13,Closed
PO-1136,2025-04-04,SUP-003,MAT-103,PLT-04,220,MT,48.02,10564.4,2025-04-29,Closed
PO-1137,2025-04-07,SUP-003,MAT-103,PLT-05,169,MT,47.69,8059.61,2025-04-28,Closed
PO-1138,2025-04-20,SUP-003,MAT-103,PLT-02,524,MT,47.6,24942.4,2025-05-03,Closed
PO-1139,2025-04-09,SUP-004,MAT-104,PLT-06,197,MT,42.12,8297.64,2025-04-27,Closed
PO-1140,2025-04-19,SUP-004,MAT-104,PLT-02,372,MT,41.94,15601.68,2025-05-02,Closed
PO-1141,2025-04-01,SUP-004,MAT-104,PLT-01,562,MT,42.03,23620.86,2025-05-03,Closed
PO-1142,2025-04-02,SUP-004,MAT-104,PLT-02,156,MT,42.08,6564.48,2025-04-14,Closed
PO-1143,2025-04-10,SUP-005,MAT-105,PLT-04,381,MT,31.06,11833.86,2025-04-26,Closed
PO-1144,2025-04-02,SUP-005,MAT-105,PLT-06,504,MT,30.64,15442.56,2025-04-16,Closed
PO-1145,2025-04-12,SUP-005,MAT-105,PLT-02,338,MT,30.82,10417.16,2025-04-23,Closed
PO-1146,2025-04-16,SUP-005,MAT-105,PLT-02,525,MT,30.81,16175.25,2025-05-07,Closed
PO-1147,2025-04-20,SUP-006,MAT-102,PLT-05,327,MT,318.45,104133.15,2025-05-05,Closed
PO-1148,2025-04-14,SUP-006,MAT-102,PLT-04,579,MT,318.74,184550.46,2025-04-27,Closed
PO-1149,2025-04-06,SUP-006,MAT-102,PLT-01,259,MT,321.83,83353.97,2025-04-18,Closed
PO-1150,2025-04-10,SUP-007,MAT-101,PLT-02,508,MT,56.99,28950.92,2025-05-03,Closed
PO-1151,2025-04-14,SUP-007,MAT-101,PLT-05,209,MT,56.73,11856.57,2025-05-13,Closed
PO-1152,2025-04-03,SUP-007,MAT-101,PLT-06,317,MT,56.54,17923.18,2025-04-15,Closed
PO-1153,2025-04-11,SUP-008,MAT-106,PLT-06,526,MT,216.93,114105.18,2025-04-22,Closed
PO-1154,2025-04-09,SUP-008,MAT-106,PLT-06,332,MT,215.2,71446.4,2025-05-11,Closed
PO-1155,2025-04-20,SUP-009,MAT-108,PLT-04,1019,KG,172.89,176174.91,2025-05-03,Closed
PO-1156,2025-04-06,SUP-009,MAT-107,PLT-06,1406,KG,156.84,220517.04,2025-04-30,Closed
PO-1157,2025-04-18,SUP-010,MAT-103,PLT-05,321,MT,49.88,16011.48,2025-05-02,Closed
PO-1158,2025-04-10,SUP-010,MAT-103,PLT-04,306,MT,49.09,15021.54,2025-05-02,Closed
PO-1159,2025-04-18,SUP-011,MAT-105,PLT-02,108,MT,32.38,3497.04,2025-05-05,Closed
PO-1160,2025-04-12,SUP-011,MAT-105,PLT-05,546,MT,32.37,17674.02,2025-04-22,Closed
PO-1161,2025-04-11,SUP-012,MAT-110,PLT-05,565,KG,8.04,4542.6,2025-05-10,Closed
PO-1162,2025-04-08,SUP-012,MAT-110,PLT-04,1446,KG,8.08,11683.68,2025-05-12,Closed
PO-1163,2025-04-10,SUP-013,MAT-101,PLT-02,198,MT,58.99,11680.02,2025-05-10,Closed
PO-1164,2025-04-02,SUP-013,MAT-101,PLT-05,239,MT,58.9,14077.1,2025-04-22,Closed
PO-1165,2025-04-19,SUP-014,MAT-104,PLT-01,493,MT,41.59,20503.87,2025-05-12,Closed
PO-1166,2025-04-12,SUP-014,MAT-104,PLT-05,381,MT,41.85,15944.85,2025-05-02,Closed
PO-1167,2025-04-18,SUP-014,MAT-104,PLT-05,542,MT,42.0,22764.0,2025-05-12,Closed
PO-1168,2025-05-07,SUP-001,MAT-101,PLT-06,98,MT,54.05,5296.9,2025-05-28,Closed
PO-1169,2025-05-04,SUP-001,MAT-101,PLT-04,340,MT,53.56,18210.4,2025-05-21,Closed
PO-1170,2025-05-13,SUP-001,MAT-101,PLT-03,145,MT,53.96,7824.2,2025-05-31,Closed
PO-1171,2025-05-04,SUP-001,MAT-101,PLT-04,149,MT,53.84,8022.16,2025-05-28,Closed
PO-1172,2025-05-13,SUP-002,MAT-102,PLT-05,281,MT,312.97,87944.57,2025-06-11,Closed
PO-1173,2025-05-19,SUP-002,MAT-102,PLT-06,241,MT,314.47,75787.27,2025-06-14,Closed
PO-1174,2025-05-01,SUP-002,MAT-102,PLT-05,429,MT,312.78,134182.62,2025-05-28,Closed
PO-1175,2025-05-11,SUP-003,MAT-103,PLT-03,478,MT,48.07,22977.46,2025-05-27,Closed
PO-1176,2025-05-19,SUP-003,MAT-103,PLT-06,505,MT,48.33,24406.65,2025-06-02,Closed
PO-1177,2025-05-18,SUP-003,MAT-103,PLT-02,339,MT,47.94,16251.66,2025-05-30,Closed
PO-1178,2025-05-07,SUP-003,MAT-103,PLT-01,487,MT,47.78,23268.86,2025-05-19,Closed
PO-1179,2025-05-11,SUP-004,MAT-104,PLT-05,307,MT,41.87,12854.09,2025-06-14,Closed
PO-1180,2025-05-05,SUP-004,MAT-104,PLT-05,505,MT,41.8,21109.0,2025-06-04,Closed
PO-1181,2025-05-04,SUP-005,MAT-105,PLT-05,504,MT,30.65,15447.6,2025-05-23,Closed
PO-1182,2025-05-09,SUP-005,MAT-105,PLT-05,433,MT,31.02,13431.66,2025-05-25,Closed
PO-1183,2025-05-02,SUP-006,MAT-102,PLT-02,101,MT,319.76,32295.76,2025-05-21,Closed
PO-1184,2025-05-07,SUP-006,MAT-102,PLT-06,322,MT,317.85,102347.7,2025-06-06,Closed
PO-1185,2025-05-17,SUP-007,MAT-101,PLT-03,460,MT,56.17,25838.2,2025-05-28,Closed
PO-1186,2025-05-12,SUP-007,MAT-101,PLT-03,386,MT,56.2,21693.2,2025-05-31,Closed
PO-1187,2025-05-15,SUP-007,MAT-101,PLT-05,151,MT,57.09,8620.59,2025-06-09,Closed
PO-1188,2025-05-11,SUP-008,MAT-106,PLT-05,338,MT,216.33,73119.54,2025-05-28,Closed
PO-1189,2025-05-19,SUP-008,MAT-106,PLT-05,339,MT,217.58,73759.62,2025-06-06,Closed
PO-1190,2025-05-05,SUP-008,MAT-106,PLT-02,339,MT,214.59,72746.01,2025-06-08,Closed
PO-1191,2025-05-06,SUP-008,MAT-106,PLT-05,555,MT,214.67,119141.85,2025-06-02,Closed
PO-1192,2025-05-01,SUP-009,MAT-108,PLT-04,355,KG,172.54,61251.7,2025-05-31,Closed
PO-1193,2025-05-02,SUP-009,MAT-107,PLT-04,923,KG,156.06,144043.38,2025-05-13,Closed
PO-1194,2025-05-03,SUP-009,MAT-108,PLT-01,1414,KG,172.17,243448.38,2025-06-06,Closed
PO-1195,2025-05-19,SUP-009,MAT-108,PLT-04,1039,KG,172.73,179466.47,2025-06-11,Closed
PO-1196,2025-05-19,SUP-010,MAT-103,PLT-06,142,MT,49.39,7013.38,2025-06-12,Closed
PO-1197,2025-05-20,SUP-010,MAT-103,PLT-06,344,MT,49.75,17114.0,2025-06-23,Closed
PO-1198,2025-05-12,SUP-011,MAT-105,PLT-05,141,MT,32.26,4548.66,2025-05-24,Closed
PO-1199,2025-05-01,SUP-011,MAT-105,PLT-05,280,MT,32.41,9074.8,2025-05-18,Closed
PO-1200,2025-05-19,SUP-012,MAT-110,PLT-05,431,KG,8.01,3452.31,2025-06-03,Closed
PO-1201,2025-05-09,SUP-012,MAT-110,PLT-05,393,KG,7.96,3128.28,2025-05-19,Closed
PO-1202,2025-05-13,SUP-012,MAT-110,PLT-03,561,KG,8.02,4499.22,2025-06-08,Closed
PO-1203,2025-05-20,SUP-013,MAT-101,PLT-01,269,MT,59.22,15930.18,2025-05-30,Closed
PO-1204,2025-05-17,SUP-013,MAT-101,PLT-01,423,MT,59.43,25138.89,2025-06-19,Closed
PO-1205,2025-05-08,SUP-013,MAT-101,PLT-01,247,MT,59.59,14718.73,2025-05-25,Closed
PO-1206,2025-05-14,SUP-014,MAT-104,PLT-04,329,MT,42.18,13877.22,2025-06-15,Closed
PO-1207,2025-05-19,SUP-014,MAT-104,PLT-01,499,MT,41.93,20923.07,2025-06-12,Closed
PO-1208,2025-05-19,SUP-014,MAT-104,PLT-02,184,MT,42.08,7742.72,2025-06-08,Closed
PO-1209,2025-06-08,SUP-001,MAT-101,PLT-03,593,MT,53.36,31642.48,2025-06-19,Closed
PO-1210,2025-06-17,SUP-001,MAT-101,PLT-05,436,MT,54.15,23609.4,2025-07-21,Closed
PO-1211,2025-06-12,SUP-001,MAT-101,PLT-05,454,MT,53.77,24411.58,2025-06-23,Closed
PO-1212,2025-06-05,SUP-002,MAT-102,PLT-03,197,MT,311.31,61328.07,2025-06-21,Closed
PO-1213,2025-06-11,SUP-002,MAT-102,PLT-04,498,MT,311.05,154902.9,2025-07-07,Closed
PO-1214,2025-06-03,SUP-002,MAT-102,PLT-05,513,MT,311.27,159681.51,2025-06-23,Closed
PO-1215,2025-06-05,SUP-003,MAT-103,PLT-02,204,MT,48.37,9867.48,2025-06-17,Closed
PO-1216,2025-06-20,SUP-003,MAT-103,PLT-05,156,MT,47.89,7470.84,2025-07-16,Closed
PO-1217,2025-06-02,SUP-004,MAT-104,PLT-06,458,MT,41.74,19116.92,2025-06-24,Closed
PO-1218,2025-06-01,SUP-004,MAT-104,PLT-04,218,MT,42.42,9247.56,2025-07-04,Closed
PO-1219,2025-06-05,SUP-005,MAT-105,PLT-03,244,MT,31.03,7571.32,2025-07-01,Closed
PO-1220,2025-06-17,SUP-005,MAT-105,PLT-05,474,MT,30.77,14584.98,2025-07-20,Closed
PO-1221,2025-06-01,SUP-005,MAT-105,PLT-04,307,MT,30.86,9474.02,2025-07-04,Closed
PO-1222,2025-06-09,SUP-006,MAT-102,PLT-04,444,MT,322.27,143087.88,2025-06-26,Closed
PO-1223,2025-06-16,SUP-006,MAT-102,PLT-05,92,MT,319.85,29426.2,2025-07-13,Closed
PO-1224,2025-06-03,SUP-006,MAT-102,PLT-05,283,MT,320.18,90610.94,2025-07-06,Closed
PO-1225,2025-06-01,SUP-006,MAT-102,PLT-03,144,MT,317.71,45750.24,2025-06-25,Closed
PO-1226,2025-06-06,SUP-007,MAT-101,PLT-01,463,MT,56.48,26150.24,2025-06-26,Closed
PO-1227,2025-06-06,SUP-007,MAT-101,PLT-02,124,MT,56.85,7049.4,2025-07-01,Closed
PO-1228,2025-06-08,SUP-007,MAT-101,PLT-04,369,MT,57.12,21077.28,2025-07-10,Closed
PO-1229,2025-06-17,SUP-008,MAT-106,PLT-05,482,MT,216.31,104261.42,2025-07-19,Closed
PO-1230,2025-06-15,SUP-008,MAT-106,PLT-06,257,MT,216.57,55658.49,2025-07-16,Closed
PO-1231,2025-06-18,SUP-008,MAT-106,PLT-01,520,MT,217.17,112928.4,2025-07-19,Closed
PO-1232,2025-06-04,SUP-009,MAT-108,PLT-03,627,KG,174.05,109129.35,2025-07-01,Closed
PO-1233,2025-06-13,SUP-009,MAT-108,PLT-05,222,KG,174.29,38692.38,2025-06-27,Closed
PO-1234,2025-06-16,SUP-010,MAT-103,PLT-04,372,MT,49.44,18391.68,2025-07-02,Closed
PO-1235,2025-06-05,SUP-010,MAT-103,PLT-01,534,MT,49.36,26358.24,2025-06-27,Closed
PO-1236,2025-06-13,SUP-010,MAT-103,PLT-01,179,MT,49.34,8831.86,2025-06-24,Closed
PO-1237,2025-06-17,SUP-010,MAT-103,PLT-04,314,MT,49.71,15608.94,2025-07-18,Closed
PO-1238,2025-06-12,SUP-011,MAT-105,PLT-03,190,MT,32.26,6129.4,2025-07-13,Closed
PO-1239,2025-06-12,SUP-011,MAT-105,PLT-04,544,MT,32.11,17467.84,2025-07-13,Closed
PO-1240,2025-06-04,SUP-012,MAT-110,PLT-04,683,KG,8.03,5484.49,2025-06-28,Closed
PO-1241,2025-06-02,SUP-012,MAT-110,PLT-03,688,KG,8.0,5504.0,2025-06-13,Closed
PO-1242,2025-06-09,SUP-013,MAT-101,PLT-05,513,MT,59.1,30318.3,2025-07-05,Closed
PO-1243,2025-06-11,SUP-013,MAT-101,PLT-05,535,MT,59.74,31960.9,2025-07-01,Closed
PO-1244,2025-06-01,SUP-013,MAT-101,PLT-01,84,MT,59.18,4971.12,2025-06-28,Closed
PO-1245,2025-06-10,SUP-013,MAT-101,PLT-06,525,MT,59.33,31148.25,2025-07-03,Closed
PO-1246,2025-06-11,SUP-014,MAT-104,PLT-01,410,MT,42.39,17379.9,2025-07-02,Closed
PO-1247,2025-06-06,SUP-014,MAT-104,PLT-03,436,MT,41.59,18133.24,2025-07-07,Closed
PO-1248,2025-07-10,SUP-001,MAT-101,PLT-02,326,MT,54.2,17669.2,2025-07-27,Closed
PO-1249,2025-07-09,SUP-001,MAT-101,PLT-02,172,MT,53.36,9177.92,2025-07-23,Closed
PO-1250,2025-07-03,SUP-001,MAT-101,PLT-03,234,MT,54.08,12654.72,2025-07-24,Closed
PO-1251,2025-07-20,SUP-002,MAT-102,PLT-03,96,MT,314.07,30150.72,2025-08-18,Closed
PO-1252,2025-07-11,SUP-002,MAT-102,PLT-02,233,MT,310.65,72381.45,2025-07-29,Closed
PO-1253,2025-07-19,SUP-003,MAT-103,PLT-03,178,MT,47.66,8483.48,2025-08-16,Closed
PO-1254,2025-07-13,SUP-003,MAT-103,PLT-04,163,MT,47.7,7775.1,2025-07-30,Closed
PO-1255,2025-07-02,SUP-004,MAT-104,PLT-03,119,MT,41.88,4983.72,2025-08-04,Closed
PO-1256,2025-07-06,SUP-004,MAT-104,PLT-05,333,MT,42.19,14049.27,2025-07-20,Closed
PO-1257,2025-07-15,SUP-004,MAT-104,PLT-05,291,MT,42.39,12335.49,2025-07-28,Closed
PO-1258,2025-07-16,SUP-004,MAT-104,PLT-05,191,MT,42.26,8071.66,2025-08-09,Closed
PO-1259,2025-07-02,SUP-005,MAT-105,PLT-02,281,MT,30.76,8643.56,2025-07-20,Closed
PO-1260,2025-07-05,SUP-005,MAT-105,PLT-04,515,MT,31.07,16001.05,2025-07-20,Closed
PO-1261,2025-07-07,SUP-005,MAT-105,PLT-06,80,MT,30.76,2460.8,2025-08-10,Closed
PO-1262,2025-07-17,SUP-005,MAT-105,PLT-06,341,MT,31.04,10584.64,2025-08-12,Closed
PO-1263,2025-07-01,SUP-006,MAT-102,PLT-03,122,MT,322.2,39308.4,2025-07-24,Closed
PO-1264,2025-07-05,SUP-006,MAT-102,PLT-03,247,MT,322.32,79613.04,2025-07-30,Closed
PO-1265,2025-07-14,SUP-007,MAT-101,PLT-06,392,MT,57.13,22394.96,2025-08-16,Closed
PO-1266,2025-07-11,SUP-007,MAT-101,PLT-01,91,MT,56.49,5140.59,2025-07-25,Closed
PO-1267,2025-07-19,SUP-007,MAT-101,PLT-03,112,MT,56.47,6324.64,2025-08-19,Closed
PO-1268,2025-07-19,SUP-008,MAT-106,PLT-04,470,MT,216.72,101858.4,2025-08-19,Closed
PO-1269,2025-07-20,SUP-008,MAT-106,PLT-06,404,MT,215.06,86884.24,2025-08-07,Closed
PO-1270,2025-07-11,SUP-009,MAT-108,PLT-02,221,KG,171.45,37890.45,2025-08-12,Closed
PO-1271,2025-07-15,SUP-009,MAT-107,PLT-02,1001,KG,156.46,156616.46,2025-08-03,Closed
PO-1272,2025-07-13,SUP-009,MAT-108,PLT-03,1067,KG,171.25,182723.75,2025-07-23,Closed
PO-1273,2025-07-03,SUP-010,MAT-103,PLT-06,449,MT,49.68,22306.32,2025-08-01,Closed
PO-1274,2025-07-09,SUP-010,MAT-103,PLT-03,327,MT,49.63,16229.01,2025-07-28,Closed
PO-1275,2025-07-16,SUP-010,MAT-103,PLT-01,445,MT,49.02,21813.9,2025-07-27,Closed
PO-1276,2025-07-04,SUP-011,MAT-105,PLT-02,417,MT,32.57,13581.69,2025-07-26,Closed
PO-1277,2025-07-11,SUP-011,MAT-105,PLT-02,152,MT,32.3,4909.6,2025-08-14,Closed
PO-1278,2025-07-02,SUP-011,MAT-105,PLT-04,414,MT,32.57,13483.98,2025-08-02,Closed
PO-1279,2025-07-14,SUP-012,MAT-110,PLT-04,1352,KG,8.02,10843.04,2025-07-29,Closed
PO-1280,2025-07-03,SUP-012,MAT-109,PLT-01,554,EA,22.14,12265.56,2025-07-25,Closed
PO-1281,2025-07-20,SUP-012,MAT-110,PLT-02,260,KG,8.05,2093.0,2025-08-22,Closed
PO-1282,2025-07-17,SUP-013,MAT-101,PLT-02,256,MT,59.84,15319.04,2025-08-16,Closed
PO-1283,2025-07-15,SUP-013,MAT-101,PLT-04,550,MT,59.3,32615.0,2025-07-29,Closed
PO-1284,2025-07-11,SUP-013,MAT-101,PLT-06,368,MT,59.82,22013.76,2025-07-30,Closed
PO-1285,2025-07-15,SUP-014,MAT-104,PLT-06,206,MT,42.1,8672.6,2025-08-17,Closed
PO-1286,2025-07-19,SUP-014,MAT-104,PLT-02,528,MT,42.31,22339.68,2025-08-10,Closed
PO-1287,2025-07-07,SUP-014,MAT-104,PLT-01,324,MT,42.16,13659.84,2025-08-09,Closed
PO-1288,2025-07-03,SUP-014,MAT-104,PLT-05,272,MT,42.32,11511.04,2025-07-27,Closed
PO-1289,2025-08-16,SUP-001,MAT-101,PLT-04,152,MT,53.88,8189.76,2025-09-03,Closed
PO-1290,2025-08-14,SUP-001,MAT-101,PLT-01,508,MT,54.23,27548.84,2025-09-17,Closed
PO-1291,2025-08-17,SUP-001,MAT-101,PLT-04,414,MT,53.85,22293.9,2025-09-08,Closed
PO-1292,2025-08-04,SUP-002,MAT-102,PLT-03,285,MT,310.69,88546.65,2025-09-02,Closed
PO-1293,2025-08-02,SUP-002,MAT-102,PLT-01,427,MT,313.91,134039.57,2025-09-04,Closed
PO-1294,2025-08-12,SUP-002,MAT-102,PLT-06,559,MT,314.64,175883.76,2025-08-28,Closed
PO-1295,2025-08-13,SUP-002,MAT-102,PLT-03,569,MT,312.13,177601.97,2025-09-02,Closed
PO-1296,2025-08-16,SUP-003,MAT-103,PLT-02,379,MT,48.08,18222.32,2025-09-11,Closed
PO-1297,2025-08-13,SUP-003,MAT-103,PLT-03,301,MT,48.19,14505.19,2025-09-12,Closed
PO-1298,2025-08-01,SUP-003,MAT-103,PLT-06,419,MT,47.55,19923.45,2025-08-18,Closed
PO-1299,2025-08-14,SUP-003,MAT-103,PLT-03,596,MT,48.27,28768.92,2025-09-10,Closed
PO-1300,2025-08-10,SUP-004,MAT-104,PLT-03,355,MT,42.42,15059.1,2025-08-22,Closed
PO-1301,2025-08-11,SUP-004,MAT-104,PLT-05,538,MT,41.84,22509.92,2025-09-05,Closed
PO-1302,2025-08-05,SUP-004,MAT-104,PLT-03,521,MT,41.92,21840.32,2025-09-04,Closed
PO-1303,2025-08-11,SUP-005,MAT-105,PLT-05,355,MT,30.82,10941.1,2025-09-03,Closed
PO-1304,2025-08-06,SUP-005,MAT-105,PLT-03,192,MT,30.9,5932.8,2025-09-09,Closed
PO-1305,2025-08-10,SUP-005,MAT-105,PLT-01,590,MT,30.69,18107.1,2025-09-10,Closed
PO-1306,2025-08-13,SUP-006,MAT-102,PLT-04,301,MT,320.54,96482.54,2025-09-04,Closed
PO-1307,2025-08-08,SUP-006,MAT-102,PLT-03,229,MT,320.68,73435.72,2025-09-03,Closed
PO-1308,2025-08-09,SUP-006,MAT-102,PLT-03,318,MT,318.08,101149.44,2025-08-21,Closed
PO-1309,2025-08-07,SUP-007,MAT-101,PLT-05,445,MT,57.17,25440.65,2025-09-06,Closed
PO-1310,2025-08-02,SUP-007,MAT-101,PLT-02,150,MT,56.16,8424.0,2025-08-31,Closed
PO-1311,2025-08-08,SUP-007,MAT-101,PLT-06,375,MT,56.46,21172.5,2025-08-28,Closed
PO-1312,2025-08-04,SUP-007,MAT-101,PLT-05,92,MT,56.48,5196.16,2025-08-31,Closed
PO-1313,2025-08-17,SUP-008,MAT-106,PLT-06,434,MT,216.13,93800.42,2025-08-27,Closed
PO-1314,2025-08-19,SUP-008,MAT-106,PLT-06,168,MT,217.46,36533.28,2025-09-09,Closed
PO-1315,2025-08-18,SUP-008,MAT-106,PLT-01,119,MT,217.31,25859.89,2025-09-09,Closed
PO-1316,2025-08-13,SUP-009,MAT-108,PLT-03,423,KG,174.24,73703.52,2025-09-04,Closed
PO-1317,2025-08-08,SUP-009,MAT-108,PLT-06,1355,KG,173.57,235187.35,2025-09-11,Closed
PO-1318,2025-08-08,SUP-009,MAT-108,PLT-02,807,KG,173.03,139635.21,2025-09-09,Closed
PO-1319,2025-08-20,SUP-009,MAT-107,PLT-05,1350,KG,156.86,211761.0,2025-09-05,Closed
PO-1320,2025-08-08,SUP-010,MAT-103,PLT-04,560,MT,49.87,27927.2,2025-09-04,Closed
PO-1321,2025-08-16,SUP-010,MAT-103,PLT-05,576,MT,49.43,28471.68,2025-09-17,Closed
PO-1322,2025-08-09,SUP-010,MAT-103,PLT-03,546,MT,49.45,26999.7,2025-09-07,Closed
PO-1323,2025-08-16,SUP-011,MAT-105,PLT-01,123,MT,32.3,3972.9,2025-09-03,Closed
PO-1324,2025-08-17,SUP-011,MAT-105,PLT-02,218,MT,32.24,7028.32,2025-08-27,Closed
PO-1325,2025-08-11,SUP-011,MAT-105,PLT-03,312,MT,32.12,10021.44,2025-09-13,Closed
PO-1326,2025-08-17,SUP-012,MAT-110,PLT-05,1467,KG,7.97,11691.99,2025-09-06,Closed
PO-1327,2025-08-19,SUP-012,MAT-109,PLT-04,593,EA,21.84,12951.12,2025-08-31,Closed
PO-1328,2025-08-09,SUP-012,MAT-109,PLT-04,591,EA,21.85,12913.35,2025-09-02,Closed
PO-1329,2025-08-20,SUP-013,MAT-101,PLT-02,589,MT,59.49,35039.61,2025-09-06,Closed
PO-1330,2025-08-04,SUP-013,MAT-101,PLT-02,430,MT,59.18,25447.4,2025-09-05,Closed
PO-1331,2025-08-01,SUP-013,MAT-101,PLT-01,512,MT,59.17,30295.04,2025-08-30,Closed
PO-1332,2025-08-18,SUP-013,MAT-101,PLT-01,191,MT,59.75,11412.25,2025-09-17,Closed
PO-1333,2025-08-05,SUP-014,MAT-104,PLT-03,271,MT,41.66,11289.86,2025-09-07,Closed
PO-1334,2025-08-13,SUP-014,MAT-104,PLT-04,187,MT,41.83,7822.21,2025-08-30,Closed
PO-1335,2025-09-05,SUP-001,MAT-101,PLT-04,518,MT,53.98,27961.64,2025-09-29,Closed
PO-1336,2025-09-17,SUP-001,MAT-101,PLT-06,287,MT,53.96,15486.52,2025-10-13,Closed
PO-1337,2025-09-15,SUP-001,MAT-101,PLT-06,318,MT,54.19,17232.42,2025-10-16,Closed
PO-1338,2025-09-06,SUP-002,MAT-102,PLT-02,84,MT,314.59,26425.56,2025-09-21,Closed
PO-1339,2025-09-11,SUP-002,MAT-102,PLT-04,478,MT,314.64,150397.92,2025-10-05,Closed
PO-1340,2025-09-11,SUP-002,MAT-102,PLT-05,460,MT,311.08,143096.8,2025-10-08,Closed
PO-1341,2025-09-04,SUP-003,MAT-103,PLT-06,266,MT,47.73,12696.18,2025-09-26,Closed
PO-1342,2025-09-16,SUP-003,MAT-103,PLT-04,450,MT,47.61,21424.5,2025-09-28,Closed
PO-1343,2025-09-11,SUP-003,MAT-103,PLT-05,502,MT,48.15,24171.3,2025-10-03,Closed
PO-1344,2025-09-05,SUP-003,MAT-103,PLT-02,503,MT,48.07,24179.21,2025-09-24,Closed
PO-1345,2025-09-06,SUP-004,MAT-104,PLT-04,495,MT,42.38,20978.1,2025-09-18,Closed
PO-1346,2025-09-15,SUP-004,MAT-104,PLT-03,312,MT,41.84,13054.08,2025-09-29,Closed
PO-1347,2025-09-09,SUP-004,MAT-104,PLT-01,569,MT,42.14,23977.66,2025-10-13,Closed
PO-1348,2025-09-02,SUP-004,MAT-104,PLT-06,582,MT,41.61,24217.02,2025-09-23,Closed
PO-1349,2025-09-15,SUP-005,MAT-105,PLT-02,155,MT,31.14,4826.7,2025-10-02,Closed
PO-1350,2025-09-17,SUP-005,MAT-105,PLT-06,96,MT,30.76,2952.96,2025-10-20,Closed
PO-1351,2025-09-13,SUP-005,MAT-105,PLT-06,479,MT,30.9,14801.1,2025-10-12,Closed
PO-1352,2025-09-20,SUP-005,MAT-105,PLT-03,390,MT,30.76,11996.4,2025-10-24,Closed
PO-1353,2025-09-20,SUP-006,MAT-102,PLT-03,300,MT,318.7,95610.0,2025-10-14,Closed
PO-1354,2025-09-18,SUP-006,MAT-102,PLT-04,88,MT,317.8,27966.4,2025-10-02,Closed
PO-1355,2025-09-03,SUP-007,MAT-101,PLT-04,226,MT,56.66,12805.16,2025-10-07,Closed
PO-1356,2025-09-07,SUP-007,MAT-101,PLT-04,223,MT,56.57,12615.11,2025-10-07,Closed
PO-1357,2025-09-11,SUP-007,MAT-101,PLT-02,465,MT,56.2,26133.0,2025-09-28,Closed
PO-1358,2025-09-10,SUP-007,MAT-101,PLT-04,109,MT,56.36,6143.24,2025-09-29,Closed
PO-1359,2025-09-09,SUP-008,MAT-106,PLT-06,264,MT,215.63,56926.32,2025-10-04,Closed
PO-1360,2025-09-14,SUP-008,MAT-106,PLT-04,487,MT,214.41,104417.67,2025-09-25,Closed
PO-1361,2025-09-06,SUP-009,MAT-108,PLT-06,513,KG,174.37,89451.81,2025-09-19,Closed
PO-1362,2025-09-13,SUP-009,MAT-108,PLT-06,862,KG,171.9,148177.8,2025-10-08,Closed
PO-1363,2025-09-15,SUP-009,MAT-107,PLT-06,880,KG,157.03,138186.4,2025-10-06,Closed
PO-1364,2025-09-20,SUP-010,MAT-103,PLT-06,269,MT,49.82,13401.58,2025-10-02,Closed
PO-1365,2025-09-03,SUP-010,MAT-103,PLT-01,423,MT,49.52,20946.96,2025-10-02,Closed
PO-1366,2025-09-16,SUP-010,MAT-103,PLT-04,405,MT,49.31,19970.55,2025-10-14,Closed
PO-1367,2025-09-11,SUP-011,MAT-105,PLT-06,181,MT,32.5,5882.5,2025-10-03,Closed
PO-1368,2025-09-11,SUP-011,MAT-105,PLT-03,279,MT,32.42,9045.18,2025-10-03,Closed
PO-1369,2025-09-06,SUP-011,MAT-105,PLT-02,506,MT,32.46,16424.76,2025-09-29,Closed
PO-1370,2025-09-05,SUP-011,MAT-105,PLT-03,438,MT,32.54,14252.52,2025-09-28,Closed
PO-1371,2025-09-19,SUP-012,MAT-110,PLT-04,512,KG,8.0,4096.0,2025-09-29,Closed
PO-1372,2025-09-13,SUP-012,MAT-109,PLT-06,192,EA,21.98,4220.16,2025-10-07,Closed
PO-1373,2025-09-07,SUP-012,MAT-109,PLT-02,749,EA,22.04,16507.96,2025-10-02,Closed
PO-1374,2025-09-01,SUP-012,MAT-110,PLT-01,701,KG,8.02,5622.02,2025-09-17,Closed
PO-1375,2025-09-16,SUP-013,MAT-101,PLT-04,362,MT,59.02,21365.24,2025-09-28,Closed
PO-1376,2025-09-12,SUP-013,MAT-101,PLT-01,357,MT,59.76,21334.32,2025-10-03,Closed
PO-1377,2025-09-12,SUP-013,MAT-101,PLT-02,169,MT,59.73,10094.37,2025-09-29,Closed
PO-1378,2025-09-07,SUP-013,MAT-101,PLT-01,308,MT,59.81,18421.48,2025-09-25,Closed
PO-1379,2025-09-18,SUP-014,MAT-104,PLT-02,338,MT,42.21,14266.98,2025-10-09,Closed
PO-1380,2025-09-02,SUP-014,MAT-104,PLT-02,275,MT,42.37,11651.75,2025-09-23,Closed
PO-1381,2025-09-19,SUP-014,MAT-104,PLT-06,491,MT,41.98,20612.18,2025-10-21,Closed
PO-1382,2025-10-10,SUP-001,MAT-101,PLT-05,132,MT,53.76,7096.32,2025-10-26,Closed
PO-1383,2025-10-08,SUP-001,MAT-101,PLT-06,428,MT,54.27,23227.56,2025-10-25,Closed
PO-1384,2025-10-03,SUP-001,MAT-101,PLT-03,215,MT,53.57,11517.55,2025-10-28,Closed
PO-1385,2025-10-18,SUP-001,MAT-101,PLT-03,287,MT,54.43,15621.41,2025-11-08,Closed
PO-1386,2025-10-13,SUP-002,MAT-102,PLT-06,506,MT,313.95,158858.7,2025-11-02,Closed
PO-1387,2025-10-15,SUP-002,MAT-102,PLT-04,258,MT,313.06,80769.48,2025-11-02,Closed
PO-1388,2025-10-20,SUP-002,MAT-102,PLT-06,508,MT,314.35,159689.8,2025-11-20,Closed
PO-1389,2025-10-11,SUP-002,MAT-102,PLT-05,193,MT,316.75,61132.75,2025-11-08,Closed
PO-1390,2025-10-01,SUP-003,MAT-103,PLT-03,519,MT,48.02,24922.38,2025-10-29,Closed
PO-1391,2025-10-06,SUP-003,MAT-103,PLT-02,206,MT,48.11,9910.66,2025-10-28,Closed
PO-1392,2025-10-11,SUP-004,MAT-104,PLT-03,431,MT,42.06,18127.86,2025-11-07,Closed
PO-1393,2025-10-10,SUP-004,MAT-104,PLT-03,382,MT,42.24,16135.68,2025-10-26,Closed
PO-1394,2025-10-13,SUP-004,MAT-104,PLT-05,169,MT,41.95,7089.55,2025-11-04,Closed
PO-1395,2025-10-11,SUP-004,MAT-104,PLT-04,137,MT,41.78,5723.86,2025-11-14,Closed
PO-1396,2025-10-04,SUP-005,MAT-105,PLT-01,423,MT,30.61,12948.03,2025-11-07,Closed
PO-1397,2025-10-19,SUP-005,MAT-105,PLT-03,104,MT,30.94,3217.76,2025-11-06,Closed
PO-1398,2025-10-11,SUP-005,MAT-105,PLT-05,100,MT,31.03,3103.0,2025-10-27,Closed
PO-1399,2025-10-13,SUP-006,MAT-102,PLT-04,270,MT,318.68,86043.6,2025-10-31,Closed
PO-1400,2025-10-13,SUP-006,MAT-102,PLT-04,158,MT,323.18,51062.44,2025-10-26,Closed
PO-1401,2025-10-13,SUP-007,MAT-101,PLT-05,588,MT,56.49,33216.12,2025-11-03,Closed
PO-1402,2025-10-05,SUP-007,MAT-101,PLT-05,230,MT,56.27,12942.1,2025-11-06,Closed
PO-1403,2025-10-18,SUP-007,MAT-101,PLT-02,454,MT,56.81,25791.74,2025-11-07,Closed
PO-1404,2025-10-09,SUP-007,MAT-101,PLT-06,223,MT,56.97,12704.31,2025-10-22,Closed
PO-1405,2025-10-17,SUP-008,MAT-106,PLT-06,311,MT,217.81,67738.91,2025-11-08,Closed
PO-1406,2025-10-19,SUP-008,MAT-106,PLT-01,231,MT,214.47,49542.57,2025-10-30,Closed
PO-1407,2025-10-07,SUP-009,MAT-108,PLT-03,378,KG,174.36,65908.08,2025-10-25,Closed
PO-1408,2025-10-07,SUP-009,MAT-107,PLT-03,663,KG,155.71,103235.73,2025-10-28,Closed
PO-1409,2025-10-20,SUP-009,MAT-107,PLT-01,423,KG,155.46,65759.58,2025-11-13,Closed
PO-1410,2025-10-15,SUP-009,MAT-108,PLT-04,917,KG,174.28,159814.76,2025-11-08,Closed
PO-1411,2025-10-02,SUP-010,MAT-103,PLT-04,413,MT,49.38,20393.94,2025-10-29,Closed
PO-1412,2025-10-02,SUP-010,MAT-103,PLT-01,93,MT,49.39,4593.27,2025-10-28,Closed
PO-1413,2025-10-17,SUP-010,MAT-103,PLT-05,385,MT,49.4,19019.0,2025-11-06,Closed
PO-1414,2025-10-05,SUP-011,MAT-105,PLT-02,469,MT,32.1,15054.9,2025-11-03,Closed
PO-1415,2025-10-02,SUP-011,MAT-105,PLT-03,421,MT,32.55,13703.55,2025-11-03,Closed
PO-1416,2025-10-11,SUP-011,MAT-105,PLT-04,204,MT,32.53,6636.12,2025-10-21,Closed
PO-1417,2025-10-13,SUP-011,MAT-105,PLT-02,551,MT,32.58,17951.58,2025-11-15,Closed
PO-1418,2025-10-10,SUP-012,MAT-110,PLT-02,447,KG,8.04,3593.88,2025-10-26,Closed
PO-1419,2025-10-12,SUP-012,MAT-109,PLT-05,530,EA,21.88,11596.4,2025-10-31,Closed
PO-1420,2025-10-11,SUP-012,MAT-109,PLT-03,633,EA,22.14,14014.62,2025-11-09,Closed
PO-1421,2025-10-03,SUP-013,MAT-101,PLT-01,286,MT,59.16,16919.76,2025-11-05,Closed
PO-1422,2025-10-16,SUP-013,MAT-101,PLT-05,400,MT,59.33,23732.0,2025-11-06,Closed
PO-1423,2025-10-07,SUP-013,MAT-101,PLT-02,250,MT,59.52,14880.0,2025-10-28,Closed
PO-1424,2025-10-17,SUP-014,MAT-104,PLT-02,89,MT,42.28,3762.92,2025-10-31,Closed
PO-1425,2025-10-01,SUP-014,MAT-104,PLT-06,290,MT,42.38,12290.2,2025-11-02,Closed
PO-1426,2025-10-02,SUP-014,MAT-104,PLT-05,298,MT,42.28,12599.44,2025-11-03,Closed
PO-1427,2025-10-09,SUP-014,MAT-104,PLT-03,492,MT,42.35,20836.2,2025-10-27,Closed
PO-1428,2025-11-04,SUP-001,MAT-101,PLT-02,169,MT,53.77,9087.13,2025-12-04,Closed
PO-1429,2025-11-02,SUP-001,MAT-101,PLT-06,363,MT,53.92,19572.96,2025-11-15,Closed
PO-1430,2025-11-16,SUP-001,MAT-101,PLT-03,153,MT,53.45,8177.85,2025-12-06,Closed
PO-1431,2025-11-09,SUP-002,MAT-102,PLT-01,209,MT,316.33,66112.97,2025-11-22,Closed
PO-1432,2025-11-10,SUP-002,MAT-102,PLT-05,231,MT,312.33,72148.23,2025-12-05,Closed
PO-1433,2025-11-12,SUP-003,MAT-103,PLT-03,483,MT,47.82,23097.06,2025-11-30,Closed
PO-1434,2025-11-17,SUP-003,MAT-103,PLT-01,233,MT,48.32,11258.56,2025-12-14,Closed
PO-1435,2025-11-03,SUP-003,MAT-103,PLT-03,128,MT,48.28,6179.84,2025-11-20,Closed
PO-1436,2025-11-10,SUP-004,MAT-104,PLT-06,208,MT,42.15,8767.2,2025-12-11,Closed
PO-1437,2025-11-14,SUP-004,MAT-104,PLT-01,413,MT,41.99,17341.87,2025-11-30,Closed
PO-1438,2025-11-01,SUP-004,MAT-104,PLT-06,219,MT,42.1,9219.9,2025-11-23,Closed
PO-1439,2025-11-14,SUP-005,MAT-105,PLT-04,209,MT,30.9,6458.1,2025-11-26,Closed
PO-1440,2025-11-04,SUP-005,MAT-105,PLT-05,317,MT,30.66,9719.22,2025-12-05,Closed
PO-1441,2025-11-19,SUP-005,MAT-105,PLT-03,150,MT,30.72,4608.0,2025-12-04,Closed
PO-1442,2025-11-03,SUP-006,MAT-102,PLT-05,372,MT,318.16,118355.52,2025-11-18,Closed
PO-1443,2025-11-06,SUP-006,MAT-102,PLT-05,582,MT,317.39,184720.98,2025-11-27,Closed
PO-1444,2025-11-02,SUP-006,MAT-102,PLT-03,595,MT,321.36,191209.2,2025-11-21,Closed
PO-1445,2025-11-11,SUP-006,MAT-102,PLT-02,471,MT,320.66,151030.86,2025-12-15,Closed
PO-1446,2025-11-16,SUP-007,MAT-101,PLT-02,539,MT,56.92,30679.88,2025-12-17,Closed
PO-1447,2025-11-12,SUP-007,MAT-101,PLT-06,373,MT,57.11,21302.03,2025-12-01,Closed
PO-1448,2025-11-18,SUP-008,MAT-106,PLT-06,136,MT,217.35,29559.6,2025-12-21,Closed
PO-1449,2025-11-20,SUP-008,MAT-106,PLT-04,104,MT,217.7,22640.8,2025-12-07,Closed
PO-1450,2025-11-03,SUP-009,MAT-108,PLT-02,1449,KG,173.05,250749.45,2025-12-01,Closed
PO-1451,2025-11-04,SUP-009,MAT-107,PLT-03,1409,KG,156.89,221058.01,2025-11-14,Closed
PO-1452,2025-11-08,SUP-010,MAT-103,PLT-01,219,MT,49.84,10914.96,2025-12-05,Closed
PO-1453,2025-11-02,SUP-010,MAT-103,PLT-03,329,MT,49.67,16341.43,2025-11-22,Closed
PO-1454,2025-11-15,SUP-010,MAT-103,PLT-06,267,MT,49.48,13211.16,2025-11-29,Closed
PO-1455,2025-11-07,SUP-011,MAT-105,PLT-06,257,MT,32.34,8311.38,2025-11-24,Closed
PO-1456,2025-11-16,SUP-011,MAT-105,PLT-04,105,MT,32.19,3379.95,2025-12-08,Closed
PO-1457,2025-11-02,SUP-012,MAT-109,PLT-01,296,EA,21.86,6470.56,2025-11-25,Closed
PO-1458,2025-11-05,SUP-012,MAT-110,PLT-05,1328,KG,7.95,10557.6,2025-12-03,Closed
PO-1459,2025-11-12,SUP-012,MAT-109,PLT-03,621,EA,22.21,13792.41,2025-12-13,Closed
PO-1460,2025-11-02,SUP-013,MAT-101,PLT-03,388,MT,59.5,23086.0,2025-11-20,Closed
PO-1461,2025-11-07,SUP-013,MAT-101,PLT-04,148,MT,59.29,8774.92,2025-12-03,Closed
PO-1462,2025-11-08,SUP-014,MAT-104,PLT-03,278,MT,42.25,11745.5,2025-12-10,Closed
PO-1463,2025-11-15,SUP-014,MAT-104,PLT-01,459,MT,42.31,19420.29,2025-12-07,Closed
PO-1464,2025-12-15,SUP-001,MAT-101,PLT-05,123,MT,54.42,6693.66,2026-01-16,Closed
PO-1465,2025-12-04,SUP-001,MAT-101,PLT-05,481,MT,54.14,26041.34,2025-12-17,Closed
PO-1466,2025-12-09,SUP-001,MAT-101,PLT-02,404,MT,53.41,21577.64,2025-12-31,Closed
PO-1467,2025-12-09,SUP-001,MAT-101,PLT-06,164,MT,54.2,8888.8,2026-01-04,Closed
PO-1468,2025-12-11,SUP-002,MAT-102,PLT-04,385,MT,316.71,121933.35,2026-01-06,Closed
PO-1469,2025-12-16,SUP-002,MAT-102,PLT-01,150,MT,316.36,47454.0,2026-01-18,Closed
PO-1470,2025-12-03,SUP-002,MAT-102,PLT-05,98,MT,314.1,30781.8,2025-12-22,Closed
PO-1471,2025-12-02,SUP-002,MAT-102,PLT-04,515,MT,313.42,161411.3,2026-01-01,Closed
PO-1472,2025-12-07,SUP-003,MAT-103,PLT-05,401,MT,47.67,19115.67,2026-01-07,Closed
PO-1473,2025-12-18,SUP-003,MAT-103,PLT-06,98,MT,48.44,4747.12,2026-01-17,Closed
PO-1474,2025-12-09,SUP-004,MAT-104,PLT-01,283,MT,42.04,11897.32,2025-12-22,Closed
PO-1475,2025-12-15,SUP-004,MAT-104,PLT-06,423,MT,42.24,17867.52,2026-01-02,Closed
PO-1476,2025-12-13,SUP-004,MAT-104,PLT-04,400,MT,41.78,16712.0,2025-12-23,Closed
PO-1477,2025-12-02,SUP-005,MAT-105,PLT-03,161,MT,30.83,4963.63,2025-12-18,Closed
PO-1478,2025-12-07,SUP-005,MAT-105,PLT-03,468,MT,30.79,14409.72,2026-01-05,Closed
PO-1479,2025-12-01,SUP-005,MAT-105,PLT-04,390,MT,30.79,12008.1,2025-12-17,Closed
PO-1480,2025-12-04,SUP-006,MAT-102,PLT-06,187,MT,321.16,60056.92,2025-12-20,Closed
PO-1481,2025-12-19,SUP-006,MAT-102,PLT-02,565,MT,322.19,182037.35,2025-12-30,Closed
PO-1482,2025-12-16,SUP-006,MAT-102,PLT-06,153,MT,320.77,49077.81,2026-01-11,Closed
PO-1483,2025-12-04,SUP-006,MAT-102,PLT-01,356,MT,322.91,114955.96,2026-01-06,Closed
PO-1484,2025-12-06,SUP-007,MAT-101,PLT-05,403,MT,56.3,22688.9,2026-01-01,Closed
PO-1485,2025-12-15,SUP-007,MAT-101,PLT-04,427,MT,56.99,24334.73,2026-01-04,Closed
PO-1486,2025-12-10,SUP-008,MAT-106,PLT-05,572,MT,215.87,123477.64,2025-12-20,Closed
PO-1487,2025-12-08,SUP-008,MAT-106,PLT-02,195,MT,216.09,42137.55,2025-12-28,Closed
PO-1488,2025-12-17,SUP-008,MAT-106,PLT-02,543,MT,217.84,118287.12,2026-01-08,Closed
PO-1489,2025-12-05,SUP-008,MAT-106,PLT-04,414,MT,216.91,89800.74,2025-12-31,Closed
PO-1490,2025-12-16,SUP-009,MAT-108,PLT-04,286,KG,173.07,49498.02,2026-01-16,Closed
PO-1491,2025-12-07,SUP-009,MAT-107,PLT-03,1315,KG,157.3,206849.5,2025-12-29,Closed
PO-1492,2025-12-19,SUP-009,MAT-107,PLT-04,353,KG,157.85,55721.05,2026-01-06,Closed
PO-1493,2025-12-04,SUP-009,MAT-107,PLT-06,265,KG,157.12,41636.8,2025-12-24,Closed
PO-1494,2025-12-09,SUP-010,MAT-103,PLT-06,571,MT,49.41,28213.11,2025-12-20,Closed
PO-1495,2025-12-14,SUP-010,MAT-103,PLT-01,466,MT,49.6,23113.6,2026-01-13,Closed
PO-1496,2025-12-01,SUP-010,MAT-103,PLT-06,350,MT,49.53,17335.5,2025-12-26,Closed
PO-1497,2025-12-11,SUP-011,MAT-105,PLT-03,437,MT,32.25,14093.25,2025-12-28,Closed
PO-1498,2025-12-14,SUP-011,MAT-105,PLT-06,527,MT,32.31,17027.37,2026-01-10,Closed
PO-1499,2025-12-09,SUP-011,MAT-105,PLT-05,421,MT,32.17,13543.57,2025-12-26,Closed
PO-1500,2025-12-05,SUP-012,MAT-110,PLT-05,1039,KG,7.95,8260.05,2025-12-24,Closed
PO-1501,2025-12-03,SUP-012,MAT-109,PLT-01,764,EA,22.03,16830.92,2025-12-18,Closed
PO-1502,2025-12-16,SUP-013,MAT-101,PLT-05,483,MT,59.55,28762.65,2026-01-14,Closed
PO-1503,2025-12-10,SUP-013,MAT-101,PLT-06,571,MT,59.92,34214.32,2025-12-22,Closed
PO-1504,2025-12-11,SUP-013,MAT-101,PLT-02,194,MT,59.93,11626.42,2026-01-07,Closed
PO-1505,2025-12-03,SUP-014,MAT-104,PLT-05,107,MT,42.27,4522.89,2025-12-28,Closed
PO-1506,2025-12-04,SUP-014,MAT-104,PLT-03,188,MT,41.65,7830.2,2025-12-17,Closed
PO-1507,2025-12-17,SUP-014,MAT-104,PLT-04,463,MT,42.01,19450.63,2026-01-11,Closed
