inspection_id,grn_id,supplier_id,material_id,plant_id,inspection_date,inspected_qty,defect_qty,defect_ppm,defect_category
INS-90001,GRN-5000,SUP-001,MAT-101,PLT-04,2025-02-04,116,0,100,None
INS-90002,GRN-5000,SUP-001,MAT-101,PLT-04,2025-02-04,116,0,142,None
INS-90003,GRN-5000,SUP-001,MAT-101,PLT-04,2025-02-04,118,0,100,None
INS-90004,GRN-5001,SUP-001,MAT-101,PLT-04,2025-02-15,131,0,100,None
INS-90005,GRN-5001,SUP-001,MAT-101,PLT-04,2025-02-15,131,0,181,None
INS-90006,GRN-5001,SUP-001,MAT-101,PLT-04,2025-02-15,131,0,110,None
INS-90007,GRN-5002,SUP-001,MAT-101,PLT-03,2025-01-17,323,0,94,None
INS-90008,GRN-5003,SUP-001,MAT-101,PLT-04,2025-01-29,85,0,107,None
INS-90009,GRN-5003,SUP-001,MAT-101,PLT-04,2025-01-29,86,0,62,None
INS-90010,GRN-5004,SUP-002,MAT-102,PLT-05,2025-01-21,240,0,105,None
INS-90011,GRN-5004,SUP-002,MAT-102,PLT-05,2025-01-21,241,0,77,None
INS-90012,GRN-5005,SUP-002,MAT-102,PLT-02,2025-01-31,132,0,53,None
INS-90013,GRN-5006,SUP-002,MAT-102,PLT-01,2025-02-14,275,0,84,None
INS-90014,GRN-5006,SUP-002,MAT-102,PLT-01,2025-02-14,276,0,107,None
INS-90015,GRN-5007,SUP-003,MAT-103,PLT-01,2025-01-17,37,0,506,None
INS-90016,GRN-5007,SUP-003,MAT-103,PLT-01,2025-01-17,37,0,348,None
INS-90017,GRN-5007,SUP-003,MAT-103,PLT-01,2025-01-17,38,0,506,None
INS-90018,GRN-5008,SUP-003,MAT-103,PLT-06,2025-02-01,472,0,692,None
INS-90019,GRN-5009,SUP-003,MAT-103,PLT-04,2025-01-24,282,0,218,None
INS-90020,GRN-5009,SUP-003,MAT-103,PLT-04,2025-01-24,282,0,590,None
INS-90021,GRN-5010,SUP-003,MAT-103,PLT-05,2025-01-11,107,0,312,None
INS-90022,GRN-5011,SUP-004,MAT-104,PLT-01,2025-02-14,397,0,370,None
INS-90023,GRN-5012,SUP-004,MAT-104,PLT-04,2025-01-28,192,0,380,None
INS-90024,GRN-5013,SUP-004,MAT-104,PLT-01,2025-01-27,154,0,436,None
INS-90025,GRN-5013,SUP-004,MAT-104,PLT-01,2025-01-27,154,0,564,None
INS-90026,GRN-5013,SUP-004,MAT-104,PLT-01,2025-01-27,156,0,352,None
INS-90027,GRN-5014,SUP-004,MAT-104,PLT-05,2025-02-10,277,0,384,None
INS-90028,GRN-5015,SUP-005,MAT-105,PLT-02,2025-02-05,590,1,1950,Off-spec Chemistry
INS-90029,GRN-5016,SUP-005,MAT-105,PLT-04,2025-01-22,506,0,1329,None
INS-90030,GRN-5017,SUP-005,MAT-105,PLT-04,2025-01-27,513,0,1391,None
INS-90031,GRN-5018,SUP-005,MAT-105,PLT-04,2025-01-28,249,0,2479,None
INS-90032,GRN-5018,SUP-005,MAT-105,PLT-04,2025-01-28,250,0,1748,None
INS-90033,GRN-5019,SUP-006,MAT-102,PLT-01,2025-02-14,240,0,549,None
INS-90034,GRN-5020,SUP-006,MAT-102,PLT-06,2025-01-21,227,0,932,None
INS-90035,GRN-5020,SUP-006,MAT-102,PLT-06,2025-01-21,227,0,654,None
INS-90036,GRN-5021,SUP-007,MAT-101,PLT-01,2025-01-16,242,0,794,None
INS-90037,GRN-5021,SUP-007,MAT-101,PLT-01,2025-01-16,242,0,1382,None
INS-90038,GRN-5022,SUP-007,MAT-101,PLT-01,2025-02-16,38,0,1001,None
INS-90039,GRN-5022,SUP-007,MAT-101,PLT-01,2025-02-16,38,0,1186,None
INS-90040,GRN-5022,SUP-007,MAT-101,PLT-01,2025-02-16,40,0,1441,None
INS-90041,GRN-5023,SUP-007,MAT-101,PLT-02,2025-02-15,201,0,581,None
INS-90042,GRN-5023,SUP-007,MAT-101,PLT-02,2025-02-15,201,0,1958,None
INS-90043,GRN-5024,SUP-007,MAT-101,PLT-03,2025-02-11,162,0,2059,None
INS-90044,GRN-5024,SUP-007,MAT-101,PLT-03,2025-02-11,163,0,1208,None
INS-90045,GRN-5025,SUP-008,MAT-106,PLT-04,2025-02-15,433,0,1432,None
INS-90046,GRN-5026,SUP-008,MAT-106,PLT-01,2025-02-02,171,0,2625,None
INS-90047,GRN-5026,SUP-008,MAT-106,PLT-01,2025-02-02,172,0,1832,None
INS-90048,GRN-5027,SUP-008,MAT-106,PLT-04,2025-02-07,116,0,1115,None
INS-90049,GRN-5027,SUP-008,MAT-106,PLT-04,2025-02-07,116,0,1196,None
INS-90050,GRN-5027,SUP-008,MAT-106,PLT-04,2025-02-07,116,0,1428,None
INS-90051,GRN-5028,SUP-008,MAT-106,PLT-04,2025-01-26,137,0,1083,None
INS-90052,GRN-5029,SUP-009,MAT-107,PLT-05,2025-01-24,780,3,4401,Contamination
INS-90053,GRN-5030,SUP-009,MAT-108,PLT-05,2025-02-10,738,5,7944,Off-spec Chemistry
INS-90054,GRN-5030,SUP-009,MAT-108,PLT-05,2025-02-10,739,4,6754,Oversize Particles
INS-90055,GRN-5031,SUP-010,MAT-103,PLT-04,2025-01-28,47,0,1505,None
INS-90056,GRN-5031,SUP-010,MAT-103,PLT-04,2025-01-28,48,0,956,None
INS-90057,GRN-5032,SUP-010,MAT-103,PLT-05,2025-01-18,168,0,1607,None
INS-90058,GRN-5032,SUP-010,MAT-103,PLT-05,2025-01-18,168,0,1280,None
INS-90059,GRN-5032,SUP-010,MAT-103,PLT-05,2025-01-18,170,0,1441,None
INS-90060,GRN-5033,SUP-011,MAT-105,PLT-03,2025-01-21,84,0,6311,None
INS-90061,GRN-5033,SUP-011,MAT-105,PLT-03,2025-01-21,85,0,5316,None
INS-90062,GRN-5034,SUP-011,MAT-105,PLT-04,2025-02-02,118,0,4997,None
INS-90063,GRN-5034,SUP-011,MAT-105,PLT-04,2025-02-02,118,0,6553,None
INS-90064,GRN-5034,SUP-011,MAT-105,PLT-04,2025-02-02,120,0,5184,None
INS-90065,GRN-5035,SUP-011,MAT-105,PLT-05,2025-01-21,448,2,5945,Bubble/Seed
INS-90066,GRN-5036,SUP-012,MAT-109,PLT-03,2025-02-12,184,0,401,None
INS-90067,GRN-5036,SUP-012,MAT-109,PLT-03,2025-02-12,184,0,626,None
INS-90068,GRN-5036,SUP-012,MAT-109,PLT-03,2025-02-12,186,0,787,None
INS-90069,GRN-5037,SUP-012,MAT-109,PLT-04,2025-02-03,222,0,713,None
INS-90070,GRN-5037,SUP-012,MAT-109,PLT-04,2025-02-03,222,0,515,None
INS-90071,GRN-5037,SUP-012,MAT-109,PLT-04,2025-02-03,224,0,361,None
INS-90072,GRN-5038,SUP-013,MAT-101,PLT-05,2025-02-05,309,0,2824,None
INS-90073,GRN-5039,SUP-013,MAT-101,PLT-01,2025-02-10,140,0,5322,None
INS-90074,GRN-5039,SUP-013,MAT-101,PLT-01,2025-02-10,140,1,7278,Off-spec Chemistry
INS-90075,GRN-5039,SUP-013,MAT-101,PLT-01,2025-02-10,141,0,3469,None
INS-90076,GRN-5040,SUP-014,MAT-104,PLT-03,2025-02-06,252,0,265,None
INS-90077,GRN-5041,SUP-014,MAT-104,PLT-04,2025-02-20,229,0,485,None
INS-90078,GRN-5042,SUP-014,MAT-104,PLT-05,2025-02-14,102,0,432,None
INS-90079,GRN-5042,SUP-014,MAT-104,PLT-05,2025-02-14,102,0,603,None
INS-90080,GRN-5042,SUP-014,MAT-104,PLT-05,2025-02-14,102,0,221,None
INS-90081,GRN-5043,SUP-001,MAT-101,PLT-02,2025-02-23,395,0,152,None
INS-90082,GRN-5044,SUP-001,MAT-101,PLT-01,2025-02-18,270,0,68,None
INS-90083,GRN-5044,SUP-001,MAT-101,PLT-01,2025-02-18,270,0,127,None
INS-90084,GRN-5045,SUP-001,MAT-101,PLT-01,2025-03-13,151,0,131,None
INS-90085,GRN-5045,SUP-001,MAT-101,PLT-01,2025-03-13,151,0,131,None
INS-90086,GRN-5045,SUP-001,MAT-101,PLT-01,2025-03-13,151,0,17,None
INS-90087,GRN-5046,SUP-002,MAT-102,PLT-05,2025-02-18,298,0,82,None
INS-90088,GRN-5046,SUP-002,MAT-102,PLT-05,2025-02-18,299,0,63,None
INS-90089,GRN-5047,SUP-002,MAT-102,PLT-01,2025-02-26,26,0,93,None
INS-90090,GRN-5047,SUP-002,MAT-102,PLT-01,2025-02-26,26,0,133,None
INS-90091,GRN-5047,SUP-002,MAT-102,PLT-01,2025-02-26,28,0,88,None
INS-90092,GRN-5048,SUP-003,MAT-103,PLT-06,2025-02-22,197,0,361,None
INS-90093,GRN-5049,SUP-003,MAT-103,PLT-05,2025-02-17,51,0,849,None
INS-90094,GRN-5049,SUP-003,MAT-103,PLT-05,2025-02-17,51,0,489,None
INS-90095,GRN-5049,SUP-003,MAT-103,PLT-05,2025-02-17,52,0,378,None
INS-90096,GRN-5050,SUP-003,MAT-103,PLT-01,2025-03-10,245,0,181,None
INS-90097,GRN-5051,SUP-004,MAT-104,PLT-02,2025-03-03,44,0,441,None
INS-90098,GRN-5051,SUP-004,MAT-104,PLT-02,2025-03-03,44,0,172,None
INS-90099,GRN-5051,SUP-004,MAT-104,PLT-02,2025-03-03,44,0,686,None
INS-90100,GRN-5052,SUP-004,MAT-104,PLT-04,2025-02-17,219,0,529,None
INS-90101,GRN-5052,SUP-004,MAT-104,PLT-04,2025-02-17,220,0,321,None
INS-90102,GRN-5053,SUP-005,MAT-105,PLT-06,2025-03-07,592,0,1206,None
INS-90103,GRN-5054,SUP-005,MAT-105,PLT-02,2025-03-26,328,0,1383,None
INS-90104,GRN-5055,SUP-006,MAT-102,PLT-05,2025-03-18,127,0,584,None
INS-90105,GRN-5055,SUP-006,MAT-102,PLT-05,2025-03-18,127,0,294,None
INS-90106,GRN-5055,SUP-006,MAT-102,PLT-05,2025-03-18,128,0,454,None
INS-90107,GRN-5056,SUP-006,MAT-102,PLT-04,2025-02-24,176,0,602,None
INS-90108,GRN-5056,SUP-006,MAT-102,PLT-04,2025-02-24,177,0,715,None
INS-90109,GRN-5057,SUP-006,MAT-102,PLT-03,2025-02-28,312,0,588,None
INS-90110,GRN-5058,SUP-006,MAT-102,PLT-04,2025-03-03,504,0,393,None
INS-90111,GRN-5059,SUP-007,MAT-101,PLT-06,2025-03-16,582,0,1374,None
INS-90112,GRN-5060,SUP-007,MAT-101,PLT-04,2025-03-12,151,0,1777,None
INS-90113,GRN-5060,SUP-007,MAT-101,PLT-04,2025-03-12,151,0,1608,None
INS-90114,GRN-5061,SUP-007,MAT-101,PLT-03,2025-03-10,157,0,1835,None
INS-90115,GRN-5061,SUP-007,MAT-101,PLT-03,2025-03-10,157,0,2018,None
INS-90116,GRN-5061,SUP-007,MAT-101,PLT-03,2025-03-10,157,0,1901,None
INS-90117,GRN-5062,SUP-008,MAT-106,PLT-05,2025-02-16,109,0,2028,None
INS-90118,GRN-5062,SUP-008,MAT-106,PLT-05,2025-02-16,109,0,1197,None
INS-90119,GRN-5063,SUP-008,MAT-106,PLT-01,2025-03-01,398,0,1589,None
INS-90120,GRN-5064,SUP-008,MAT-106,PLT-04,2025-02-28,592,0,1546,None
INS-90121,GRN-5065,SUP-009,MAT-107,PLT-03,2025-03-10,125,0,5220,None
INS-90122,GRN-5065,SUP-009,MAT-107,PLT-03,2025-03-10,126,0,6153,None
INS-90123,GRN-5066,SUP-009,MAT-107,PLT-01,2025-02-25,724,3,5077,Contamination
INS-90124,GRN-5066,SUP-009,MAT-107,PLT-01,2025-02-25,724,4,5755,Moisture
INS-90125,GRN-5067,SUP-010,MAT-103,PLT-05,2025-02-19,368,0,1537,None
INS-90126,GRN-5068,SUP-010,MAT-103,PLT-02,2025-02-28,198,0,1249,None
INS-90127,GRN-5068,SUP-010,MAT-103,PLT-02,2025-02-28,198,0,1266,None
INS-90128,GRN-5068,SUP-010,MAT-103,PLT-02,2025-02-28,200,0,1698,None
INS-90129,GRN-5069,SUP-010,MAT-103,PLT-04,2025-03-04,69,0,1441,None
INS-90130,GRN-5069,SUP-010,MAT-103,PLT-04,2025-03-04,69,0,1671,None
INS-90131,GRN-5069,SUP-010,MAT-103,PLT-04,2025-03-04,71,0,1286,None
INS-90132,GRN-5070,SUP-010,MAT-103,PLT-02,2025-03-02,127,0,737,None
INS-90133,GRN-5070,SUP-010,MAT-103,PLT-02,2025-03-02,127,0,1557,None
INS-90134,GRN-5070,SUP-010,MAT-103,PLT-02,2025-03-02,127,0,1881,None
INS-90135,GRN-5071,SUP-011,MAT-105,PLT-05,2025-03-12,199,1,9065,Oversize Particles
INS-90136,GRN-5072,SUP-011,MAT-105,PLT-01,2025-03-26,388,2,5680,Contamination
INS-90137,GRN-5073,SUP-012,MAT-110,PLT-02,2025-03-09,674,0,25,None
INS-90138,GRN-5074,SUP-012,MAT-110,PLT-01,2025-03-14,484,0,441,None
INS-90139,GRN-5075,SUP-012,MAT-110,PLT-01,2025-03-06,180,0,481,None
INS-90140,GRN-5075,SUP-012,MAT-110,PLT-01,2025-03-06,180,0,427,None
INS-90141,GRN-5075,SUP-012,MAT-110,PLT-01,2025-03-06,181,0,359,None
INS-90142,GRN-5076,SUP-012,MAT-109,PLT-05,2025-03-18,261,0,363,None
INS-90143,GRN-5076,SUP-012,MAT-109,PLT-05,2025-03-18,262,0,122,None
INS-90144,GRN-5077,SUP-013,MAT-101,PLT-03,2025-02-19,343,0,2715,None
INS-90145,GRN-5078,SUP-013,MAT-101,PLT-04,2025-03-08,257,1,3918,Bubble/Seed
INS-90146,GRN-5079,SUP-013,MAT-101,PLT-04,2025-03-29,148,0,5796,None
INS-90147,GRN-5079,SUP-013,MAT-101,PLT-04,2025-03-29,149,0,4279,None
INS-90148,GRN-5080,SUP-014,MAT-104,PLT-02,2025-03-16,76,0,213,None
INS-90149,GRN-5080,SUP-014,MAT-104,PLT-02,2025-03-16,76,0,629,None
INS-90150,GRN-5080,SUP-014,MAT-104,PLT-02,2025-03-16,78,0,377,None
INS-90151,GRN-5081,SUP-014,MAT-104,PLT-04,2025-02-20,323,0,621,None
INS-90152,GRN-5082,SUP-014,MAT-104,PLT-02,2025-03-18,118,0,586,None
INS-90153,GRN-5082,SUP-014,MAT-104,PLT-02,2025-03-18,119,0,616,None
INS-90154,GRN-5083,SUP-014,MAT-104,PLT-01,2025-03-06,146,0,599,None
INS-90155,GRN-5083,SUP-014,MAT-104,PLT-01,2025-03-06,146,0,534,None
INS-90156,GRN-5083,SUP-014,MAT-104,PLT-01,2025-03-06,146,0,662,None
INS-90157,GRN-5084,SUP-001,MAT-101,PLT-06,2025-03-27,113,0,125,None
INS-90158,GRN-5085,SUP-001,MAT-101,PLT-06,2025-04-16,247,0,136,None
INS-90159,GRN-5086,SUP-002,MAT-102,PLT-04,2025-04-01,442,0,20,None
INS-90160,GRN-5087,SUP-002,MAT-102,PLT-03,2025-04-17,102,0,145,None
INS-90161,GRN-5087,SUP-002,MAT-102,PLT-03,2025-04-17,102,0,56,None
INS-90162,GRN-5087,SUP-002,MAT-102,PLT-03,2025-04-17,102,0,119,None
INS-90163,GRN-5088,SUP-002,MAT-102,PLT-05,2025-04-01,561,0,92,None
INS-90164,GRN-5089,SUP-003,MAT-103,PLT-02,2025-04-08,99,0,356,None
INS-90165,GRN-5090,SUP-003,MAT-103,PLT-01,2025-04-07,91,0,492,None
INS-90166,GRN-5091,SUP-003,MAT-103,PLT-03,2025-04-04,284,0,565,None
INS-90167,GRN-5091,SUP-003,MAT-103,PLT-03,2025-04-04,284,0,334,None
INS-90168,GRN-5092,SUP-003,MAT-103,PLT-01,2025-04-16,577,0,393,None
INS-90169,GRN-5093,SUP-004,MAT-104,PLT-03,2025-03-25,89,0,477,None
INS-90170,GRN-5093,SUP-004,MAT-104,PLT-03,2025-03-25,89,0,668,None
INS-90171,GRN-5093,SUP-004,MAT-104,PLT-03,2025-03-25,89,0,643,None
INS-90172,GRN-5094,SUP-004,MAT-104,PLT-01,2025-03-23,31,0,581,None
INS-90173,GRN-5094,SUP-004,MAT-104,PLT-01,2025-03-23,31,0,381,None
INS-90174,GRN-5094,SUP-004,MAT-104,PLT-01,2025-03-23,33,0,263,None
INS-90175,GRN-5095,SUP-004,MAT-104,PLT-03,2025-04-16,118,0,379,None
INS-90176,GRN-5096,SUP-005,MAT-105,PLT-04,2025-03-25,234,0,2263,None
INS-90177,GRN-5096,SUP-005,MAT-105,PLT-04,2025-03-25,234,0,664,None
INS-90178,GRN-5097,SUP-005,MAT-105,PLT-05,2025-03-25,239,0,1834,None
INS-90179,GRN-5097,SUP-005,MAT-105,PLT-05,2025-03-25,239,0,1936,None
INS-90180,GRN-5098,SUP-005,MAT-105,PLT-02,2025-04-06,116,0,1608,None
INS-90181,GRN-5098,SUP-005,MAT-105,PLT-02,2025-04-06,116,0,1165,None
INS-90182,GRN-5099,SUP-005,MAT-105,PLT-02,2025-04-05,572,0,1221,None
INS-90183,GRN-5100,SUP-006,MAT-102,PLT-02,2025-04-19,498,0,821,None
INS-90184,GRN-5101,SUP-006,MAT-102,PLT-06,2025-03-21,145,0,597,None
INS-90185,GRN-5101,SUP-006,MAT-102,PLT-06,2025-03-21,145,0,553,None
INS-90186,GRN-5101,SUP-006,MAT-102,PLT-06,2025-03-21,146,0,766,None
INS-90187,GRN-5102,SUP-006,MAT-102,PLT-03,2025-03-30,152,0,592,None
INS-90188,GRN-5102,SUP-006,MAT-102,PLT-03,2025-03-30,153,0,455,None
INS-90189,GRN-5103,SUP-006,MAT-102,PLT-03,2025-04-08,39,0,376,None
INS-90190,GRN-5103,SUP-006,MAT-102,PLT-03,2025-04-08,39,0,300,None
INS-90191,GRN-5103,SUP-006,MAT-102,PLT-03,2025-04-08,41,0,500,None
INS-90192,GRN-5104,SUP-007,MAT-101,PLT-05,2025-04-04,55,0,1515,None
INS-90193,GRN-5104,SUP-007,MAT-101,PLT-05,2025-04-04,55,0,2171,None
INS-90194,GRN-5105,SUP-007,MAT-101,PLT-02,2025-04-04,303,0,1338,None
INS-90195,GRN-5106,SUP-007,MAT-101,PLT-06,2025-03-26,250,0,1615,None
INS-90196,GRN-5106,SUP-007,MAT-101,PLT-06,2025-03-26,251,0,1894,None
INS-90197,GRN-5107,SUP-007,MAT-101,PLT-06,2025-04-14,33,0,2012,None
INS-90198,GRN-5107,SUP-007,MAT-101,PLT-06,2025-04-14,33,0,1692,None
INS-90199,GRN-5107,SUP-007,MAT-101,PLT-06,2025-04-14,35,0,1223,None
INS-90200,GRN-5108,SUP-008,MAT-106,PLT-05,2025-04-08,112,0,1546,None
INS-90201,GRN-5109,SUP-008,MAT-106,PLT-05,2025-04-07,118,0,2112,None
INS-90202,GRN-5109,SUP-008,MAT-106,PLT-05,2025-04-07,118,0,1383,None
INS-90203,GRN-5110,SUP-008,MAT-106,PLT-05,2025-04-07,191,0,1126,None
INS-90204,GRN-5110,SUP-008,MAT-106,PLT-05,2025-04-07,191,0,1148,None
INS-90205,GRN-5111,SUP-008,MAT-106,PLT-01,2025-03-31,116,0,1741,None
INS-90206,GRN-5111,SUP-008,MAT-106,PLT-01,2025-03-31,116,0,1818,None
INS-90207,GRN-5111,SUP-008,MAT-106,PLT-01,2025-03-31,118,0,1004,None
INS-90208,GRN-5112,SUP-009,MAT-108,PLT-04,2025-04-18,1098,5,5343,Packaging Damage
INS-90209,GRN-5113,SUP-009,MAT-108,PLT-01,2025-03-28,158,0,4040,None
INS-90210,GRN-5113,SUP-009,MAT-108,PLT-01,2025-03-28,158,0,727,None
INS-90211,GRN-5114,SUP-010,MAT-103,PLT-06,2025-03-26,90,0,1330,None
INS-90212,GRN-5115,SUP-010,MAT-103,PLT-06,2025-03-26,165,0,1370,None
INS-90213,GRN-5116,SUP-010,MAT-103,PLT-01,2025-03-17,97,0,1141,None
INS-90214,GRN-5116,SUP-010,MAT-103,PLT-01,2025-03-17,98,0,1553,None
INS-90215,GRN-5117,SUP-010,MAT-103,PLT-03,2025-03-24,198,0,1356,None
INS-90216,GRN-5117,SUP-010,MAT-103,PLT-03,2025-03-24,198,0,2164,None
INS-90217,GRN-5118,SUP-011,MAT-105,PLT-03,2025-04-24,154,1,7631,Moisture
INS-90218,GRN-5118,SUP-011,MAT-105,PLT-03,2025-04-24,154,0,4026,None
INS-90219,GRN-5118,SUP-011,MAT-105,PLT-03,2025-04-24,154,0,3705,None
INS-90220,GRN-5119,SUP-011,MAT-105,PLT-05,2025-04-04,107,0,2597,None
INS-90221,GRN-5119,SUP-011,MAT-105,PLT-05,2025-04-04,107,0,6813,None
INS-90222,GRN-5119,SUP-011,MAT-105,PLT-05,2025-04-04,108,0,3977,None
INS-90223,GRN-5120,SUP-011,MAT-105,PLT-04,2025-03-25,103,1,9998,Moisture
INS-90224,GRN-5121,SUP-011,MAT-105,PLT-04,2025-04-13,221,1,6612,Contamination
INS-90225,GRN-5121,SUP-011,MAT-105,PLT-04,2025-04-13,222,1,4735,Moisture
INS-90226,GRN-5122,SUP-012,MAT-109,PLT-02,2025-03-24,115,0,374,None
INS-90227,GRN-5122,SUP-012,MAT-109,PLT-02,2025-03-24,115,0,668,None
INS-90228,GRN-5122,SUP-012,MAT-109,PLT-02,2025-03-24,115,0,711,None
INS-90229,GRN-5123,SUP-012,MAT-110,PLT-06,2025-03-20,191,0,650,None
INS-90230,GRN-5123,SUP-012,MAT-110,PLT-06,2025-03-20,191,0,692,None
INS-90231,GRN-5123,SUP-012,MAT-110,PLT-06,2025-03-20,192,0,734,None
INS-90232,GRN-5124,SUP-012,MAT-110,PLT-02,2025-03-14,1090,0,329,None
INS-90233,GRN-5125,SUP-013,MAT-101,PLT-03,2025-03-31,116,0,3522,None
INS-90234,GRN-5125,SUP-013,MAT-101,PLT-03,2025-03-31,116,0,2621,None
INS-90235,GRN-5125,SUP-013,MAT-101,PLT-03,2025-03-31,117,0,2258,None
INS-90236,GRN-5126,SUP-013,MAT-101,PLT-03,2025-04-19,248,1,4259,Contamination
INS-90237,GRN-5127,SUP-013,MAT-101,PLT-05,2025-03-20,40,0,4042,None
INS-90238,GRN-5127,SUP-013,MAT-101,PLT-05,2025-03-20,40,0,3319,None
INS-90239,GRN-5128,SUP-014,MAT-104,PLT-03,2025-04-09,68,0,704,None
INS-90240,GRN-5128,SUP-014,MAT-104,PLT-03,2025-04-09,68,0,302,None
INS-90241,GRN-5128,SUP-014,MAT-104,PLT-03,2025-04-09,69,0,551,None
INS-90242,GRN-5129,SUP-014,MAT-104,PLT-02,2025-03-20,140,0,473,None
INS-90243,GRN-5129,SUP-014,MAT-104,PLT-02,2025-03-20,140,0,507,None
INS-90244,GRN-5129,SUP-014,MAT-104,PLT-02,2025-03-20,140,0,828,None
INS-90245,GRN-5130,SUP-014,MAT-104,PLT-01,2025-04-13,212,0,440,None
INS-90246,GRN-5130,SUP-014,MAT-104,PLT-01,2025-04-13,212,0,608,None
INS-90247,GRN-5131,SUP-001,MAT-101,PLT-05,2025-04-17,119,0,109,None
INS-90248,GRN-5131,SUP-001,MAT-101,PLT-05,2025-04-17,119,0,104,None
INS-90249,GRN-5132,SUP-001,MAT-101,PLT-05,2025-04-25,410,0,151,None
INS-90250,GRN-5133,SUP-002,MAT-102,PLT-01,2025-04-24,192,0,91,None
INS-90251,GRN-5133,SUP-002,MAT-102,PLT-01,2025-04-24,192,0,214,None
INS-90252,GRN-5134,SUP-002,MAT-102,PLT-03,2025-05-06,164,0,113,None
INS-90253,GRN-5135,SUP-003,MAT-103,PLT-06,2025-05-13,192,0,192,None
INS-90254,GRN-5135,SUP-003,MAT-103,PLT-06,2025-05-13,192,0,466,None
INS-90255,GRN-5135,SUP-003,MAT-103,PLT-06,2025-05-13,193,0,440,None
INS-90256,GRN-5136,SUP-003,MAT-103,PLT-04,2025-04-29,73,0,319,None
INS-90257,GRN-5136,SUP-003,MAT-103,PLT-04,2025-04-29,73,0,475,None
INS-90258,GRN-5136,SUP-003,MAT-103,PLT-04,2025-04-29,74,0,337,None
INS-90259,GRN-5137,SUP-003,MAT-103,PLT-05,2025-04-28,169,0,695,None
INS-90260,GRN-5138,SUP-003,MAT-103,PLT-02,2025-05-03,524,0,524,None
INS-90261,GRN-5139,SUP-004,MAT-104,PLT-06,2025-04-27,98,0,471,None
INS-90262,GRN-5139,SUP-004,MAT-104,PLT-06,2025-04-27,99,0,406,None
INS-90263,GRN-5140,SUP-004,MAT-104,PLT-02,2025-05-02,186,0,568,None
INS-90264,GRN-5140,SUP-004,MAT-104,PLT-02,2025-05-02,186,0,800,None
INS-90265,GRN-5141,SUP-004,MAT-104,PLT-01,2025-05-03,187,0,255,None
INS-90266,GRN-5141,SUP-004,MAT-104,PLT-01,2025-05-03,187,0,601,None
INS-90267,GRN-5141,SUP-004,MAT-104,PLT-01,2025-05-03,188,0,798,None
INS-90268,GRN-5142,SUP-004,MAT-104,PLT-02,2025-04-14,156,0,603,None
INS-90269,GRN-5143,SUP-005,MAT-105,PLT-04,2025-04-26,127,0,2079,None
INS-90270,GRN-5143,SUP-005,MAT-105,PLT-04,2025-04-26,127,0,614,None
INS-90271,GRN-5143,SUP-005,MAT-105,PLT-04,2025-04-26,127,0,842,None
INS-90272,GRN-5144,SUP-005,MAT-105,PLT-06,2025-04-16,252,0,924,None
INS-90273,GRN-5144,SUP-005,MAT-105,PLT-06,2025-04-16,252,0,1884,None
INS-90274,GRN-5145,SUP-005,MAT-105,PLT-02,2025-04-25,169,0,1169,None
INS-90275,GRN-5145,SUP-005,MAT-105,PLT-02,2025-04-25,169,0,979,None
INS-90276,GRN-5146,SUP-005,MAT-105,PLT-02,2025-05-07,262,0,1830,None
INS-90277,GRN-5146,SUP-005,MAT-105,PLT-02,2025-05-07,263,0,1219,None
INS-90278,GRN-5147,SUP-006,MAT-102,PLT-05,2025-05-05,327,0,228,None
INS-90279,GRN-5148,SUP-006,MAT-102,PLT-04,2025-04-27,579,0,257,None
INS-90280,GRN-5149,SUP-006,MAT-102,PLT-01,2025-04-18,129,0,336,None
INS-90281,GRN-5149,SUP-006,MAT-102,PLT-01,2025-04-18,130,0,53,None
INS-90282,GRN-5150,SUP-007,MAT-101,PLT-02,2025-05-03,508,0,1514,None
INS-90283,GRN-5151,SUP-007,MAT-101,PLT-05,2025-05-18,69,0,2880,None
INS-90284,GRN-5151,SUP-007,MAT-101,PLT-05,2025-05-18,69,0,2794,None
INS-90285,GRN-5151,SUP-007,MAT-101,PLT-05,2025-05-18,71,0,1342,None
INS-90286,GRN-5152,SUP-007,MAT-101,PLT-06,2025-04-15,317,0,1529,None
INS-90287,GRN-5153,SUP-008,MAT-106,PLT-06,2025-04-22,175,0,1778,None
INS-90288,GRN-5153,SUP-008,MAT-106,PLT-06,2025-04-22,175,0,1204,None
INS-90289,GRN-5153,SUP-008,MAT-106,PLT-06,2025-04-22,176,0,1184,None
INS-90290,GRN-5154,SUP-008,MAT-106,PLT-06,2025-05-11,166,0,1095,None
INS-90291,GRN-5154,SUP-008,MAT-106,PLT-06,2025-05-11,166,0,1205,None
INS-90292,GRN-5155,SUP-009,MAT-108,PLT-04,2025-05-03,339,0,2503,None
INS-90293,GRN-5155,SUP-009,MAT-108,PLT-04,2025-05-03,339,1,4422,Off-spec Chemistry
INS-90294,GRN-5155,SUP-009,MAT-108,PLT-04,2025-05-03,341,2,6829,Oversize Particles
INS-90295,GRN-5156,SUP-009,MAT-107,PLT-06,2025-04-30,1406,6,4268,Bubble/Seed
INS-90296,GRN-5157,SUP-010,MAT-103,PLT-05,2025-05-02,107,0,2128,None
INS-90297,GRN-5157,SUP-010,MAT-103,PLT-05,2025-05-02,107,0,1416,None
INS-90298,GRN-5157,SUP-010,MAT-103,PLT-05,2025-05-02,107,0,1485,None
INS-90299,GRN-5158,SUP-010,MAT-103,PLT-04,2025-05-02,306,0,1010,None
INS-90300,GRN-5159,SUP-011,MAT-105,PLT-02,2025-05-05,36,0,2264,None
INS-90301,GRN-5159,SUP-011,MAT-105,PLT-02,2025-05-05,36,0,4336,None
INS-90302,GRN-5159,SUP-011,MAT-105,PLT-02,2025-05-05,36,0,4592,None
INS-90303,GRN-5160,SUP-011,MAT-105,PLT-05,2025-04-22,182,1,6439,Off-spec Chemistry
INS-90304,GRN-5160,SUP-011,MAT-105,PLT-05,2025-04-22,182,1,6636,Off-spec Chemistry
INS-90305,GRN-5160,SUP-011,MAT-105,PLT-05,2025-04-22,182,1,5766,Bubble/Seed
INS-90306,GRN-5161,SUP-012,MAT-110,PLT-05,2025-05-10,188,0,645,None
INS-90307,GRN-5161,SUP-012,MAT-110,PLT-05,2025-05-10,188,0,103,None
INS-90308,GRN-5161,SUP-012,MAT-110,PLT-05,2025-05-10,189,0,324,None
INS-90309,GRN-5162,SUP-012,MAT-110,PLT-04,2025-05-12,723,0,427,None
INS-90310,GRN-5162,SUP-012,MAT-110,PLT-04,2025-05-12,723,0,416,None
INS-90311,GRN-5163,SUP-013,MAT-101,PLT-02,2025-05-10,198,0,4602,None
INS-90312,GRN-5164,SUP-013,MAT-101,PLT-05,2025-04-22,239,0,3044,None
INS-90313,GRN-5165,SUP-014,MAT-104,PLT-01,2025-05-13,246,0,423,None
INS-90314,GRN-5165,SUP-014,MAT-104,PLT-01,2025-05-13,247,0,494,None
INS-90315,GRN-5166,SUP-014,MAT-104,PLT-05,2025-05-02,381,0,364,None
INS-90316,GRN-5167,SUP-014,MAT-104,PLT-05,2025-05-12,180,0,499,None
INS-90317,GRN-5167,SUP-014,MAT-104,PLT-05,2025-05-12,180,0,576,None
INS-90318,GRN-5167,SUP-014,MAT-104,PLT-05,2025-05-12,182,0,584,None
INS-90319,GRN-5168,SUP-001,MAT-101,PLT-06,2025-05-28,49,0,175,None
INS-90320,GRN-5168,SUP-001,MAT-101,PLT-06,2025-05-28,49,0,130,None
INS-90321,GRN-5169,SUP-001,MAT-101,PLT-04,2025-05-21,340,0,190,None
INS-90322,GRN-5170,SUP-001,MAT-101,PLT-03,2025-05-31,72,0,136,None
INS-90323,GRN-5170,SUP-001,MAT-101,PLT-03,2025-05-31,73,0,154,None
INS-90324,GRN-5171,SUP-001,MAT-101,PLT-04,2025-05-28,49,0,153,None
INS-90325,GRN-5171,SUP-001,MAT-101,PLT-04,2025-05-28,49,0,136,None
INS-90326,GRN-5171,SUP-001,MAT-101,PLT-04,2025-05-28,51,0,83,None
INS-90327,GRN-5172,SUP-002,MAT-102,PLT-05,2025-06-11,93,0,125,None
INS-90328,GRN-5172,SUP-002,MAT-102,PLT-05,2025-06-11,93,0,91,None
INS-90329,GRN-5172,SUP-002,MAT-102,PLT-05,2025-06-11,95,0,198,None
INS-90330,GRN-5173,SUP-002,MAT-102,PLT-06,2025-06-14,120,0,199,None
INS-90331,GRN-5173,SUP-002,MAT-102,PLT-06,2025-06-14,121,0,123,None
INS-90332,GRN-5174,SUP-002,MAT-102,PLT-05,2025-05-28,143,0,174,None
INS-90333,GRN-5174,SUP-002,MAT-102,PLT-05,2025-05-28,143,0,76,None
INS-90334,GRN-5174,SUP-002,MAT-102,PLT-05,2025-05-28,143,0,197,None
INS-90335,GRN-5175,SUP-003,MAT-103,PLT-03,2025-05-27,478,0,563,None
INS-90336,GRN-5176,SUP-003,MAT-103,PLT-06,2025-06-02,252,0,713,None
INS-90337,GRN-5176,SUP-003,MAT-103,PLT-06,2025-06-02,253,0,474,None
INS-90338,GRN-5177,SUP-003,MAT-103,PLT-02,2025-05-30,169,0,502,None
INS-90339,GRN-5177,SUP-003,MAT-103,PLT-02,2025-05-30,170,0,376,None
INS-90340,GRN-5178,SUP-003,MAT-103,PLT-01,2025-05-19,145,0,395,None
INS-90341,GRN-5178,SUP-003,MAT-103,PLT-01,2025-05-19,145,0,685,None
INS-90342,GRN-5178,SUP-003,MAT-103,PLT-01,2025-05-19,147,0,407,None
INS-90343,GRN-5179,SUP-004,MAT-104,PLT-05,2025-06-14,153,0,488,None
INS-90344,GRN-5179,SUP-004,MAT-104,PLT-05,2025-06-14,154,0,463,None
INS-90345,GRN-5180,SUP-004,MAT-104,PLT-05,2025-06-04,505,0,523,None
INS-90346,GRN-5181,SUP-005,MAT-105,PLT-05,2025-05-23,504,0,1481,None
INS-90347,GRN-5182,SUP-005,MAT-105,PLT-05,2025-05-25,216,0,1375,None
INS-90348,GRN-5182,SUP-005,MAT-105,PLT-05,2025-05-25,217,0,2103,None
INS-90349,GRN-5183,SUP-006,MAT-102,PLT-02,2025-05-21,50,0,598,None
INS-90350,GRN-5183,SUP-006,MAT-102,PLT-02,2025-05-21,51,0,341,None
INS-90351,GRN-5184,SUP-006,MAT-102,PLT-06,2025-06-06,161,0,296,None
INS-90352,GRN-5184,SUP-006,MAT-102,PLT-06,2025-06-06,161,0,522,None
INS-90353,GRN-5185,SUP-007,MAT-101,PLT-03,2025-05-28,141,0,1656,None
INS-90354,GRN-5185,SUP-007,MAT-101,PLT-03,2025-05-28,141,0,1105,None
INS-90355,GRN-5185,SUP-007,MAT-101,PLT-03,2025-05-28,141,0,1276,None
INS-90356,GRN-5186,SUP-007,MAT-101,PLT-03,2025-05-31,386,0,2102,None
INS-90357,GRN-5187,SUP-007,MAT-101,PLT-05,2025-06-09,75,0,1162,None
INS-90358,GRN-5187,SUP-007,MAT-101,PLT-05,2025-06-09,76,0,2040,None
INS-90359,GRN-5188,SUP-008,MAT-106,PLT-05,2025-05-28,338,0,1910,None
INS-90360,GRN-5189,SUP-008,MAT-106,PLT-05,2025-06-06,102,0,1798,None
INS-90361,GRN-5189,SUP-008,MAT-106,PLT-05,2025-06-06,102,0,1692,None
INS-90362,GRN-5189,SUP-008,MAT-106,PLT-05,2025-06-06,102,0,1176,None
INS-90363,GRN-5190,SUP-008,MAT-106,PLT-02,2025-06-08,169,0,1602,None
INS-90364,GRN-5190,SUP-008,MAT-106,PLT-02,2025-06-08,170,0,1314,None
INS-90365,GRN-5191,SUP-008,MAT-106,PLT-05,2025-06-02,536,0,1452,None
INS-90366,GRN-5192,SUP-009,MAT-108,PLT-04,2025-06-05,177,1,6082,Packaging Damage
INS-90367,GRN-5192,SUP-009,MAT-108,PLT-04,2025-06-05,178,1,6911,Bubble/Seed
INS-90368,GRN-5193,SUP-009,MAT-107,PLT-04,2025-05-13,461,1,4124,Off-spec Chemistry
INS-90369,GRN-5193,SUP-009,MAT-107,PLT-04,2025-05-13,462,2,5680,Moisture
INS-90370,GRN-5194,SUP-009,MAT-108,PLT-01,2025-06-06,454,2,5274,Packaging Damage
INS-90371,GRN-5194,SUP-009,MAT-108,PLT-01,2025-06-06,454,2,6054,Off-spec Chemistry
INS-90372,GRN-5194,SUP-009,MAT-108,PLT-01,2025-06-06,454,0,2177,None
INS-90373,GRN-5195,SUP-009,MAT-108,PLT-04,2025-06-11,519,1,2400,Contamination
INS-90374,GRN-5195,SUP-009,MAT-108,PLT-04,2025-06-11,520,2,5708,Moisture
INS-90375,GRN-5196,SUP-010,MAT-103,PLT-06,2025-06-12,142,0,1964,None
INS-90376,GRN-5197,SUP-010,MAT-103,PLT-06,2025-06-23,172,0,1998,None
INS-90377,GRN-5197,SUP-010,MAT-103,PLT-06,2025-06-23,172,0,2398,None
INS-90378,GRN-5198,SUP-011,MAT-105,PLT-05,2025-05-24,141,0,3242,None
INS-90379,GRN-5199,SUP-011,MAT-105,PLT-05,2025-05-18,140,0,5200,None
INS-90380,GRN-5199,SUP-011,MAT-105,PLT-05,2025-05-18,140,0,5658,None
INS-90381,GRN-5200,SUP-012,MAT-110,PLT-05,2025-06-03,143,0,666,None
INS-90382,GRN-5200,SUP-012,MAT-110,PLT-05,2025-06-03,143,0,392,None
INS-90383,GRN-5200,SUP-012,MAT-110,PLT-05,2025-06-03,145,0,370,None
INS-90384,GRN-5201,SUP-012,MAT-110,PLT-05,2025-05-19,196,0,380,None
INS-90385,GRN-5201,SUP-012,MAT-110,PLT-05,2025-05-19,197,0,102,None
INS-90386,GRN-5202,SUP-012,MAT-110,PLT-03,2025-06-08,561,0,417,None
INS-90387,GRN-5203,SUP-013,MAT-101,PLT-01,2025-06-08,134,0,3945,None
INS-90388,GRN-5203,SUP-013,MAT-101,PLT-01,2025-06-08,135,0,4606,None
INS-90389,GRN-5204,SUP-013,MAT-101,PLT-01,2025-06-27,211,1,4916,Off-spec Chemistry
INS-90390,GRN-5204,SUP-013,MAT-101,PLT-01,2025-06-27,212,1,6073,Oversize Particles
INS-90391,GRN-5205,SUP-013,MAT-101,PLT-01,2025-05-25,247,1,4653,Oversize Particles
INS-90392,GRN-5206,SUP-014,MAT-104,PLT-04,2025-06-15,164,0,578,None
INS-90393,GRN-5206,SUP-014,MAT-104,PLT-04,2025-06-15,165,0,260,None
INS-90394,GRN-5207,SUP-014,MAT-104,PLT-01,2025-06-12,249,0,628,None
INS-90395,GRN-5207,SUP-014,MAT-104,PLT-01,2025-06-12,250,0,322,None
INS-90396,GRN-5208,SUP-014,MAT-104,PLT-02,2025-06-08,184,0,600,None
INS-90397,GRN-5209,SUP-001,MAT-101,PLT-03,2025-06-19,593,0,132,None
INS-90398,GRN-5210,SUP-001,MAT-101,PLT-05,2025-07-21,218,0,107,None
INS-90399,GRN-5210,SUP-001,MAT-101,PLT-05,2025-07-21,218,0,165,None
INS-90400,GRN-5211,SUP-001,MAT-101,PLT-05,2025-06-23,454,0,43,None
INS-90401,GRN-5212,SUP-002,MAT-102,PLT-03,2025-06-21,65,0,90,None
INS-90402,GRN-5212,SUP-002,MAT-102,PLT-03,2025-06-21,65,0,122,None
INS-90403,GRN-5212,SUP-002,MAT-102,PLT-03,2025-06-21,67,0,113,None
INS-90404,GRN-5213,SUP-002,MAT-102,PLT-04,2025-07-07,249,0,199,None
INS-90405,GRN-5213,SUP-002,MAT-102,PLT-04,2025-07-07,249,0,100,None
INS-90406,GRN-5214,SUP-002,MAT-102,PLT-05,2025-06-23,171,0,73,None
INS-90407,GRN-5214,SUP-002,MAT-102,PLT-05,2025-06-23,171,0,104,None
INS-90408,GRN-5214,SUP-002,MAT-102,PLT-05,2025-06-23,171,0,44,None
INS-90409,GRN-5215,SUP-003,MAT-103,PLT-02,2025-06-17,204,0,394,None
INS-90410,GRN-5216,SUP-003,MAT-103,PLT-05,2025-07-16,156,0,864,None
INS-90411,GRN-5217,SUP-004,MAT-104,PLT-06,2025-06-24,458,0,165,None
INS-90412,GRN-5218,SUP-004,MAT-104,PLT-04,2025-07-04,72,0,561,None
INS-90413,GRN-5218,SUP-004,MAT-104,PLT-04,2025-07-04,72,0,584,None
INS-90414,GRN-5218,SUP-004,MAT-104,PLT-04,2025-07-04,74,0,284,None
INS-90415,GRN-5219,SUP-005,MAT-105,PLT-03,2025-07-05,81,0,1633,None
INS-90416,GRN-5219,SUP-005,MAT-105,PLT-03,2025-07-05,81,0,1745,None
INS-90417,GRN-5219,SUP-005,MAT-105,PLT-03,2025-07-05,82,0,2070,None
INS-90418,GRN-5220,SUP-005,MAT-105,PLT-05,2025-07-20,137,0,1551,None
INS-90419,GRN-5220,SUP-005,MAT-105,PLT-05,2025-07-20,137,0,1022,None
INS-90420,GRN-5220,SUP-005,MAT-105,PLT-05,2025-07-20,138,0,1515,None
INS-90421,GRN-5221,SUP-005,MAT-105,PLT-04,2025-07-04,275,0,2126,None
INS-90422,GRN-5222,SUP-006,MAT-102,PLT-04,2025-06-26,148,0,396,None
INS-90423,GRN-5222,SUP-006,MAT-102,PLT-04,2025-06-26,148,0,276,None
INS-90424,GRN-5222,SUP-006,MAT-102,PLT-04,2025-06-26,148,0,316,None
INS-90425,GRN-5223,SUP-006,MAT-102,PLT-05,2025-07-13,46,0,802,None
INS-90426,GRN-5223,SUP-006,MAT-102,PLT-05,2025-07-13,46,0,522,None
INS-90427,GRN-5224,SUP-006,MAT-102,PLT-05,2025-07-06,123,0,365,None
INS-90428,GRN-5224,SUP-006,MAT-102,PLT-05,2025-07-06,124,0,584,None
INS-90429,GRN-5225,SUP-006,MAT-102,PLT-03,2025-06-25,144,0,542,None
INS-90430,GRN-5226,SUP-007,MAT-101,PLT-01,2025-06-26,463,0,1736,None
INS-90431,GRN-5227,SUP-007,MAT-101,PLT-02,2025-07-01,62,0,656,None
INS-90432,GRN-5227,SUP-007,MAT-101,PLT-02,2025-07-01,62,0,1099,None
INS-90433,GRN-5228,SUP-007,MAT-101,PLT-04,2025-07-10,329,0,1590,None
INS-90434,GRN-5229,SUP-008,MAT-106,PLT-05,2025-07-19,241,0,2131,None
INS-90435,GRN-5229,SUP-008,MAT-106,PLT-05,2025-07-19,241,0,1610,None
INS-90436,GRN-5230,SUP-008,MAT-106,PLT-06,2025-07-16,80,0,1241,None
INS-90437,GRN-5230,SUP-008,MAT-106,PLT-06,2025-07-16,80,0,1792,None
INS-90438,GRN-5230,SUP-008,MAT-106,PLT-06,2025-07-16,82,0,1926,None
INS-90439,GRN-5231,SUP-008,MAT-106,PLT-01,2025-07-19,520,0,1751,None
INS-90440,GRN-5232,SUP-009,MAT-108,PLT-03,2025-07-01,187,0,4507,None
INS-90441,GRN-5232,SUP-009,MAT-108,PLT-03,2025-07-01,187,0,5245,None
INS-90442,GRN-5232,SUP-009,MAT-108,PLT-03,2025-07-01,189,0,3820,None
INS-90443,GRN-5233,SUP-009,MAT-108,PLT-05,2025-06-27,104,0,4488,None
INS-90444,GRN-5233,SUP-009,MAT-108,PLT-05,2025-06-27,104,0,1875,None
INS-90445,GRN-5234,SUP-010,MAT-103,PLT-04,2025-07-02,186,0,2167,None
INS-90446,GRN-5234,SUP-010,MAT-103,PLT-04,2025-07-02,186,0,1831,None
INS-90447,GRN-5235,SUP-010,MAT-103,PLT-01,2025-06-27,267,0,2045,None
INS-90448,GRN-5235,SUP-010,MAT-103,PLT-01,2025-06-27,267,0,1460,None
INS-90449,GRN-5236,SUP-010,MAT-103,PLT-01,2025-07-01,76,0,1191,None
INS-90450,GRN-5236,SUP-010,MAT-103,PLT-01,2025-07-01,77,0,1600,None
INS-90451,GRN-5237,SUP-010,MAT-103,PLT-04,2025-07-18,157,0,1422,None
INS-90452,GRN-5237,SUP-010,MAT-103,PLT-04,2025-07-18,157,0,1379,None
INS-90453,GRN-5238,SUP-011,MAT-105,PLT-03,2025-07-13,81,0,3129,None
INS-90454,GRN-5238,SUP-011,MAT-105,PLT-03,2025-07-13,81,0,2816,None
INS-90455,GRN-5239,SUP-011,MAT-105,PLT-04,2025-07-13,235,1,6672,Oversize Particles
INS-90456,GRN-5239,SUP-011,MAT-105,PLT-04,2025-07-13,235,1,6890,Moisture
INS-90457,GRN-5240,SUP-012,MAT-110,PLT-04,2025-06-28,227,0,320,None
INS-90458,GRN-5240,SUP-012,MAT-110,PLT-04,2025-06-28,227,0,414,None
INS-90459,GRN-5240,SUP-012,MAT-110,PLT-04,2025-06-28,229,0,684,None
INS-90460,GRN-5241,SUP-012,MAT-110,PLT-03,2025-06-13,344,0,473,None
INS-90461,GRN-5241,SUP-012,MAT-110,PLT-03,2025-06-13,344,0,454,None
INS-90462,GRN-5242,SUP-013,MAT-101,PLT-05,2025-07-05,256,1,4026,Off-spec Chemistry
INS-90463,GRN-5242,SUP-013,MAT-101,PLT-05,2025-07-05,257,1,6252,Off-spec Chemistry
INS-90464,GRN-5243,SUP-013,MAT-101,PLT-05,2025-07-12,178,0,3289,None
INS-90465,GRN-5243,SUP-013,MAT-101,PLT-05,2025-07-12,178,0,4262,None
INS-90466,GRN-5243,SUP-013,MAT-101,PLT-05,2025-07-12,179,0,5054,None
INS-90467,GRN-5244,SUP-013,MAT-101,PLT-01,2025-06-28,42,0,3909,None
INS-90468,GRN-5244,SUP-013,MAT-101,PLT-01,2025-06-28,42,0,5177,None
INS-90469,GRN-5245,SUP-013,MAT-101,PLT-06,2025-07-03,525,3,6402,Moisture
INS-90470,GRN-5246,SUP-014,MAT-104,PLT-01,2025-07-02,133,0,442,None
INS-90471,GRN-5246,SUP-014,MAT-104,PLT-01,2025-07-02,133,0,457,None
INS-90472,GRN-5246,SUP-014,MAT-104,PLT-01,2025-07-02,135,0,502,None
INS-90473,GRN-5247,SUP-014,MAT-104,PLT-03,2025-07-07,436,0,454,None
INS-90474,GRN-5248,SUP-001,MAT-101,PLT-02,2025-07-27,108,0,144,None
INS-90475,GRN-5248,SUP-001,MAT-101,PLT-02,2025-07-27,108,0,79,None
INS-90476,GRN-5248,SUP-001,MAT-101,PLT-02,2025-07-27,110,0,139,None
INS-90477,GRN-5249,SUP-001,MAT-101,PLT-02,2025-07-23,86,0,99,None
INS-90478,GRN-5249,SUP-001,MAT-101,PLT-02,2025-07-23,86,0,139,None
INS-90479,GRN-5250,SUP-001,MAT-101,PLT-03,2025-07-24,78,0,63,None
INS-90480,GRN-5250,SUP-001,MAT-101,PLT-03,2025-07-24,78,0,52,None
INS-90481,GRN-5250,SUP-001,MAT-101,PLT-03,2025-07-24,78,0,130,None
INS-90482,GRN-5251,SUP-002,MAT-102,PLT-03,2025-08-18,96,0,126,None
INS-90483,GRN-5252,SUP-002,MAT-102,PLT-02,2025-07-29,116,0,74,None
INS-90484,GRN-5252,SUP-002,MAT-102,PLT-02,2025-07-29,117,0,149,None
INS-90485,GRN-5253,SUP-003,MAT-103,PLT-03,2025-08-16,89,0,420,None
INS-90486,GRN-5253,SUP-003,MAT-103,PLT-03,2025-08-16,89,0,595,None
INS-90487,GRN-5254,SUP-003,MAT-103,PLT-04,2025-07-30,81,0,451,None
INS-90488,GRN-5254,SUP-003,MAT-103,PLT-04,2025-07-30,82,0,561,None
INS-90489,GRN-5255,SUP-004,MAT-104,PLT-03,2025-08-04,119,0,169,None
INS-90490,GRN-5256,SUP-004,MAT-104,PLT-05,2025-07-20,333,0,500,None
INS-90491,GRN-5257,SUP-004,MAT-104,PLT-05,2025-07-28,97,0,683,None
INS-90492,GRN-5257,SUP-004,MAT-104,PLT-05,2025-07-28,97,0,374,None
INS-90493,GRN-5257,SUP-004,MAT-104,PLT-05,2025-07-28,97,0,584,None
INS-90494,GRN-5258,SUP-004,MAT-104,PLT-05,2025-08-14,191,0,265,None
INS-90495,GRN-5259,SUP-005,MAT-105,PLT-02,2025-07-20,281,0,1574,None
INS-90496,GRN-5260,SUP-005,MAT-105,PLT-04,2025-07-20,515,1,2068,Off-spec Chemistry
INS-90497,GRN-5261,SUP-005,MAT-105,PLT-06,2025-08-10,80,0,2022,None
INS-90498,GRN-5262,SUP-005,MAT-105,PLT-06,2025-08-12,103,0,2177,None
INS-90499,GRN-5262,SUP-005,MAT-105,PLT-06,2025-08-12,103,0,0,None
INS-90500,GRN-5262,SUP-005,MAT-105,PLT-06,2025-08-12,105,0,1916,None
INS-90501,GRN-5263,SUP-006,MAT-102,PLT-03,2025-07-24,122,0,415,None
INS-90502,GRN-5264,SUP-006,MAT-102,PLT-03,2025-07-30,82,0,479,None
INS-90503,GRN-5264,SUP-006,MAT-102,PLT-03,2025-07-30,82,0,486,None
INS-90504,GRN-5264,SUP-006,MAT-102,PLT-03,2025-07-30,83,0,616,None
INS-90505,GRN-5265,SUP-007,MAT-101,PLT-06,2025-08-16,365,0,2284,None
INS-90506,GRN-5266,SUP-007,MAT-101,PLT-01,2025-07-25,91,0,1638,None
INS-90507,GRN-5267,SUP-007,MAT-101,PLT-03,2025-08-19,112,0,1997,None
INS-90508,GRN-5268,SUP-008,MAT-106,PLT-04,2025-08-26,200,0,1411,None
INS-90509,GRN-5268,SUP-008,MAT-106,PLT-04,2025-08-26,200,0,802,None
INS-90510,GRN-5269,SUP-008,MAT-106,PLT-06,2025-08-07,134,0,1540,None
INS-90511,GRN-5269,SUP-008,MAT-106,PLT-06,2025-08-07,134,0,1456,None
INS-90512,GRN-5269,SUP-008,MAT-106,PLT-06,2025-08-07,136,0,738,None
INS-90513,GRN-5270,SUP-009,MAT-108,PLT-02,2025-08-12,98,0,4126,None
INS-90514,GRN-5270,SUP-009,MAT-108,PLT-02,2025-08-12,98,0,7942,None
INS-90515,GRN-5271,SUP-009,MAT-107,PLT-02,2025-08-03,333,1,5901,Oversize Particles
INS-90516,GRN-5271,SUP-009,MAT-107,PLT-02,2025-08-03,333,0,2218,None
INS-90517,GRN-5271,SUP-009,MAT-107,PLT-02,2025-08-03,335,2,8420,Off-spec Chemistry
INS-90518,GRN-5272,SUP-009,MAT-108,PLT-03,2025-07-23,355,1,3157,Bubble/Seed
INS-90519,GRN-5272,SUP-009,MAT-108,PLT-03,2025-07-23,355,2,6013,Packaging Damage
INS-90520,GRN-5272,SUP-009,MAT-108,PLT-03,2025-07-23,357,1,3297,Contamination
INS-90521,GRN-5273,SUP-010,MAT-103,PLT-06,2025-08-04,449,0,1269,None
INS-90522,GRN-5274,SUP-010,MAT-103,PLT-03,2025-07-28,327,0,1688,None
INS-90523,GRN-5275,SUP-010,MAT-103,PLT-01,2025-07-27,222,0,1798,None
INS-90524,GRN-5275,SUP-010,MAT-103,PLT-01,2025-07-27,223,0,2337,None
INS-90525,GRN-5276,SUP-011,MAT-105,PLT-02,2025-07-26,139,1,7545,Off-spec Chemistry
INS-90526,GRN-5276,SUP-011,MAT-105,PLT-02,2025-07-26,139,0,3517,None
INS-90527,GRN-5276,SUP-011,MAT-105,PLT-02,2025-07-26,139,0,4863,None
INS-90528,GRN-5277,SUP-011,MAT-105,PLT-02,2025-08-25,76,0,4401,None
INS-90529,GRN-5277,SUP-011,MAT-105,PLT-02,2025-08-25,76,0,2086,None
INS-90530,GRN-5278,SUP-011,MAT-105,PLT-04,2025-08-02,207,0,1380,None
INS-90531,GRN-5278,SUP-011,MAT-105,PLT-04,2025-08-02,207,0,3640,None
INS-90532,GRN-5279,SUP-012,MAT-110,PLT-04,2025-07-29,1352,0,450,None
INS-90533,GRN-5280,SUP-012,MAT-109,PLT-01,2025-07-25,554,0,279,None
INS-90534,GRN-5281,SUP-012,MAT-110,PLT-02,2025-08-22,260,0,319,None
INS-90535,GRN-5282,SUP-013,MAT-101,PLT-02,2025-08-16,229,1,5501,Bubble/Seed
INS-90536,GRN-5283,SUP-013,MAT-101,PLT-04,2025-07-29,183,1,6222,Oversize Particles
INS-90537,GRN-5283,SUP-013,MAT-101,PLT-04,2025-07-29,183,1,6439,Contamination
INS-90538,GRN-5283,SUP-013,MAT-101,PLT-04,2025-07-29,184,1,6343,Packaging Damage
INS-90539,GRN-5284,SUP-013,MAT-101,PLT-06,2025-07-30,122,0,4977,None
INS-90540,GRN-5284,SUP-013,MAT-101,PLT-06,2025-07-30,122,0,2234,None
INS-90541,GRN-5284,SUP-013,MAT-101,PLT-06,2025-07-30,124,0,2418,None
INS-90542,GRN-5285,SUP-014,MAT-104,PLT-06,2025-08-17,103,0,544,None
INS-90543,GRN-5285,SUP-014,MAT-104,PLT-06,2025-08-17,103,0,510,None
INS-90544,GRN-5286,SUP-014,MAT-104,PLT-02,2025-08-10,528,0,574,None
INS-90545,GRN-5287,SUP-014,MAT-104,PLT-01,2025-08-09,324,0,622,None
INS-90546,GRN-5288,SUP-014,MAT-104,PLT-05,2025-07-27,272,0,562,None
INS-90547,GRN-5289,SUP-001,MAT-101,PLT-04,2025-09-03,76,0,175,None
INS-90548,GRN-5289,SUP-001,MAT-101,PLT-04,2025-09-03,76,0,121,None
INS-90549,GRN-5290,SUP-001,MAT-101,PLT-01,2025-09-17,254,0,63,None
INS-90550,GRN-5290,SUP-001,MAT-101,PLT-01,2025-09-17,254,0,116,None
INS-90551,GRN-5291,SUP-001,MAT-101,PLT-04,2025-09-08,364,0,41,None
INS-90552,GRN-5292,SUP-002,MAT-102,PLT-03,2025-09-02,142,0,146,None
INS-90553,GRN-5292,SUP-002,MAT-102,PLT-03,2025-09-02,143,0,147,None
INS-90554,GRN-5293,SUP-002,MAT-102,PLT-01,2025-09-04,213,0,72,None
INS-90555,GRN-5293,SUP-002,MAT-102,PLT-01,2025-09-04,214,0,170,None
INS-90556,GRN-5294,SUP-002,MAT-102,PLT-06,2025-08-28,279,0,235,None
INS-90557,GRN-5294,SUP-002,MAT-102,PLT-06,2025-08-28,280,0,128,None
INS-90558,GRN-5295,SUP-002,MAT-102,PLT-03,2025-09-02,569,0,133,None
INS-90559,GRN-5296,SUP-003,MAT-103,PLT-02,2025-09-11,126,0,624,None
INS-90560,GRN-5296,SUP-003,MAT-103,PLT-02,2025-09-11,126,0,543,None
INS-90561,GRN-5296,SUP-003,MAT-103,PLT-02,2025-09-11,127,0,595,None
INS-90562,GRN-5297,SUP-003,MAT-103,PLT-03,2025-09-12,150,0,276,None
INS-90563,GRN-5297,SUP-003,MAT-103,PLT-03,2025-09-12,151,0,425,None
INS-90564,GRN-5298,SUP-003,MAT-103,PLT-06,2025-08-18,419,0,656,None
INS-90565,GRN-5299,SUP-003,MAT-103,PLT-03,2025-09-10,198,0,502,None
INS-90566,GRN-5299,SUP-003,MAT-103,PLT-03,2025-09-10,198,0,499,None
INS-90567,GRN-5299,SUP-003,MAT-103,PLT-03,2025-09-10,200,0,523,None
INS-90568,GRN-5300,SUP-004,MAT-104,PLT-03,2025-08-22,355,0,208,None
INS-90569,GRN-5301,SUP-004,MAT-104,PLT-05,2025-09-05,269,0,287,None
INS-90570,GRN-5301,SUP-004,MAT-104,PLT-05,2025-09-05,269,0,625,None
INS-90571,GRN-5302,SUP-004,MAT-104,PLT-03,2025-09-04,521,0,394,None
INS-90572,GRN-5303,SUP-005,MAT-105,PLT-05,2025-09-03,355,0,2320,None
INS-90573,GRN-5304,SUP-005,MAT-105,PLT-03,2025-09-14,64,0,2055,None
INS-90574,GRN-5304,SUP-005,MAT-105,PLT-03,2025-09-14,64,0,1606,None
INS-90575,GRN-5304,SUP-005,MAT-105,PLT-03,2025-09-14,64,0,1842,None
INS-90576,GRN-5305,SUP-005,MAT-105,PLT-01,2025-09-10,196,0,806,None
INS-90577,GRN-5305,SUP-005,MAT-105,PLT-01,2025-09-10,196,0,2674,None
INS-90578,GRN-5305,SUP-005,MAT-105,PLT-01,2025-09-10,198,0,1405,None
INS-90579,GRN-5306,SUP-006,MAT-102,PLT-04,2025-09-04,150,0,250,None
INS-90580,GRN-5306,SUP-006,MAT-102,PLT-04,2025-09-04,151,0,726,None
INS-90581,GRN-5307,SUP-006,MAT-102,PLT-03,2025-09-03,114,0,697,None
INS-90582,GRN-5307,SUP-006,MAT-102,PLT-03,2025-09-03,115,0,456,None
INS-90583,GRN-5308,SUP-006,MAT-102,PLT-03,2025-08-21,106,0,853,None
INS-90584,GRN-5308,SUP-006,MAT-102,PLT-03,2025-08-21,106,0,444,None
INS-90585,GRN-5308,SUP-006,MAT-102,PLT-03,2025-08-21,106,0,521,None
INS-90586,GRN-5309,SUP-007,MAT-101,PLT-05,2025-09-06,222,0,1759,None
INS-90587,GRN-5309,SUP-007,MAT-101,PLT-05,2025-09-06,223,0,531,None
INS-90588,GRN-5310,SUP-007,MAT-101,PLT-02,2025-09-06,150,0,1095,None
INS-90589,GRN-5311,SUP-007,MAT-101,PLT-06,2025-08-28,187,0,1095,None
INS-90590,GRN-5311,SUP-007,MAT-101,PLT-06,2025-08-28,188,0,819,None
INS-90591,GRN-5312,SUP-007,MAT-101,PLT-05,2025-08-31,30,0,1946,None
INS-90592,GRN-5312,SUP-007,MAT-101,PLT-05,2025-08-31,30,0,2287,None
INS-90593,GRN-5312,SUP-007,MAT-101,PLT-05,2025-08-31,32,0,1460,None
INS-90594,GRN-5313,SUP-008,MAT-106,PLT-06,2025-08-27,217,0,860,None
INS-90595,GRN-5313,SUP-008,MAT-106,PLT-06,2025-08-27,217,0,1046,None
INS-90596,GRN-5314,SUP-008,MAT-106,PLT-06,2025-09-09,56,0,773,None
INS-90597,GRN-5314,SUP-008,MAT-106,PLT-06,2025-09-09,56,0,1591,None
INS-90598,GRN-5314,SUP-008,MAT-106,PLT-06,2025-09-09,56,0,954,None
INS-90599,GRN-5315,SUP-008,MAT-106,PLT-01,2025-09-09,39,0,1079,None
INS-90600,GRN-5315,SUP-008,MAT-106,PLT-01,2025-09-09,39,0,1673,None
INS-90601,GRN-5315,SUP-008,MAT-106,PLT-01,2025-09-09,41,0,1340,None
INS-90602,GRN-5316,SUP-009,MAT-108,PLT-03,2025-09-04,423,2,5206,Moisture
INS-90603,GRN-5317,SUP-009,MAT-108,PLT-06,2025-09-11,1355,4,3273,Oversize Particles
INS-90604,GRN-5318,SUP-009,MAT-108,PLT-02,2025-09-09,269,0,3598,None
INS-90605,GRN-5318,SUP-009,MAT-108,PLT-02,2025-09-09,269,1,6880,Oversize Particles
INS-90606,GRN-5318,SUP-009,MAT-108,PLT-02,2025-09-09,269,0,3326,None
INS-90607,GRN-5319,SUP-009,MAT-107,PLT-05,2025-09-05,675,3,5698,Oversize Particles
INS-90608,GRN-5319,SUP-009,MAT-107,PLT-05,2025-09-05,675,4,6864,Bubble/Seed
INS-90609,GRN-5320,SUP-010,MAT-103,PLT-04,2025-09-11,560,0,1595,None
INS-90610,GRN-5321,SUP-010,MAT-103,PLT-05,2025-09-17,192,0,1409,None
INS-90611,GRN-5321,SUP-010,MAT-103,PLT-05,2025-09-17,192,0,1818,None
INS-90612,GRN-5321,SUP-010,MAT-103,PLT-05,2025-09-17,192,0,1386,None
INS-90613,GRN-5322,SUP-010,MAT-103,PLT-03,2025-09-07,273,0,2472,None
INS-90614,GRN-5322,SUP-010,MAT-103,PLT-03,2025-09-07,273,0,405,None
INS-90615,GRN-5323,SUP-011,MAT-105,PLT-01,2025-09-03,39,0,7697,None
INS-90616,GRN-5323,SUP-011,MAT-105,PLT-01,2025-09-03,39,0,4100,None
INS-90617,GRN-5323,SUP-011,MAT-105,PLT-01,2025-09-03,41,0,2901,None
INS-90618,GRN-5324,SUP-011,MAT-105,PLT-02,2025-08-27,72,0,4466,None
INS-90619,GRN-5324,SUP-011,MAT-105,PLT-02,2025-08-27,72,0,5863,None
INS-90620,GRN-5324,SUP-011,MAT-105,PLT-02,2025-08-27,74,0,6684,None
INS-90621,GRN-5325,SUP-011,MAT-105,PLT-03,2025-09-20,104,0,6830,None
INS-90622,GRN-5325,SUP-011,MAT-105,PLT-03,2025-09-20,104,0,7660,None
INS-90623,GRN-5325,SUP-011,MAT-105,PLT-03,2025-09-20,104,0,2959,None
INS-90624,GRN-5326,SUP-012,MAT-110,PLT-05,2025-09-06,1467,0,536,None
INS-90625,GRN-5327,SUP-012,MAT-109,PLT-04,2025-08-31,296,0,606,None
INS-90626,GRN-5327,SUP-012,MAT-109,PLT-04,2025-08-31,297,0,376,None
INS-90627,GRN-5328,SUP-012,MAT-109,PLT-04,2025-09-02,295,0,583,None
INS-90628,GRN-5328,SUP-012,MAT-109,PLT-04,2025-09-02,296,0,433,None
INS-90629,GRN-5329,SUP-013,MAT-101,PLT-02,2025-09-16,196,1,5974,Off-spec Chemistry
INS-90630,GRN-5329,SUP-013,MAT-101,PLT-02,2025-09-16,196,1,5867,Contamination
INS-90631,GRN-5329,SUP-013,MAT-101,PLT-02,2025-09-16,197,0,2922,None
INS-90632,GRN-5330,SUP-013,MAT-101,PLT-02,2025-09-05,215,0,3911,None
INS-90633,GRN-5330,SUP-013,MAT-101,PLT-02,2025-09-05,215,0,3024,None
INS-90634,GRN-5331,SUP-013,MAT-101,PLT-01,2025-08-30,170,0,2768,None
INS-90635,GRN-5331,SUP-013,MAT-101,PLT-01,2025-08-30,170,0,4399,None
INS-90636,GRN-5331,SUP-013,MAT-101,PLT-01,2025-08-30,172,0,5006,None
INS-90637,GRN-5332,SUP-013,MAT-101,PLT-01,2025-09-17,63,0,3105,None
INS-90638,GRN-5332,SUP-013,MAT-101,PLT-01,2025-09-17,63,0,7139,None
INS-90639,GRN-5332,SUP-013,MAT-101,PLT-01,2025-09-17,65,0,1357,None
INS-90640,GRN-5333,SUP-014,MAT-104,PLT-03,2025-09-07,90,0,688,None
INS-90641,GRN-5333,SUP-014,MAT-104,PLT-03,2025-09-07,90,0,544,None
INS-90642,GRN-5333,SUP-014,MAT-104,PLT-03,2025-09-07,91,0,461,None
INS-90643,GRN-5334,SUP-014,MAT-104,PLT-04,2025-08-30,93,0,416,None
INS-90644,GRN-5334,SUP-014,MAT-104,PLT-04,2025-08-30,94,0,340,None
INS-90645,GRN-5335,SUP-001,MAT-101,PLT-04,2025-09-29,259,0,151,None
INS-90646,GRN-5335,SUP-001,MAT-101,PLT-04,2025-09-29,259,0,138,None
INS-90647,GRN-5336,SUP-001,MAT-101,PLT-06,2025-10-13,143,0,138,None
INS-90648,GRN-5336,SUP-001,MAT-101,PLT-06,2025-10-13,144,0,125,None
INS-90649,GRN-5337,SUP-001,MAT-101,PLT-06,2025-10-16,106,0,155,None
INS-90650,GRN-5337,SUP-001,MAT-101,PLT-06,2025-10-16,106,0,114,None
INS-90651,GRN-5337,SUP-001,MAT-101,PLT-06,2025-10-16,106,0,88,None
INS-90652,GRN-5338,SUP-002,MAT-102,PLT-02,2025-09-21,84,0,105,None
INS-90653,GRN-5339,SUP-002,MAT-102,PLT-04,2025-10-05,159,0,127,None
INS-90654,GRN-5339,SUP-002,MAT-102,PLT-04,2025-10-05,159,0,168,None
INS-90655,GRN-5339,SUP-002,MAT-102,PLT-04,2025-10-05,160,0,105,None
INS-90656,GRN-5340,SUP-002,MAT-102,PLT-05,2025-10-08,230,0,46,None
INS-90657,GRN-5340,SUP-002,MAT-102,PLT-05,2025-10-08,230,0,132,None
INS-90658,GRN-5341,SUP-003,MAT-103,PLT-06,2025-09-26,88,0,452,None
INS-90659,GRN-5341,SUP-003,MAT-103,PLT-06,2025-09-26,88,0,201,None
INS-90660,GRN-5341,SUP-003,MAT-103,PLT-06,2025-09-26,90,0,505,None
INS-90661,GRN-5342,SUP-003,MAT-103,PLT-04,2025-09-28,450,0,409,None
INS-90662,GRN-5343,SUP-003,MAT-103,PLT-05,2025-10-03,442,0,420,None
INS-90663,GRN-5344,SUP-003,MAT-103,PLT-02,2025-09-24,167,0,498,None
INS-90664,GRN-5344,SUP-003,MAT-103,PLT-02,2025-09-24,167,0,534,None
INS-90665,GRN-5344,SUP-003,MAT-103,PLT-02,2025-09-24,169,0,580,None
INS-90666,GRN-5345,SUP-004,MAT-104,PLT-04,2025-09-18,165,0,683,None
INS-90667,GRN-5345,SUP-004,MAT-104,PLT-04,2025-09-18,165,0,411,None
INS-90668,GRN-5345,SUP-004,MAT-104,PLT-04,2025-09-18,165,0,81,None
INS-90669,GRN-5346,SUP-004,MAT-104,PLT-03,2025-09-29,156,0,234,None
INS-90670,GRN-5346,SUP-004,MAT-104,PLT-03,2025-09-29,156,0,402,None
INS-90671,GRN-5347,SUP-004,MAT-104,PLT-01,2025-10-13,189,0,259,None
INS-90672,GRN-5347,SUP-004,MAT-104,PLT-01,2025-10-13,189,0,550,None
INS-90673,GRN-5347,SUP-004,MAT-104,PLT-01,2025-10-13,191,0,369,None
INS-90674,GRN-5348,SUP-004,MAT-104,PLT-06,2025-09-23,582,0,341,None
INS-90675,GRN-5349,SUP-005,MAT-105,PLT-02,2025-10-02,155,0,2048,None
INS-90676,GRN-5350,SUP-005,MAT-105,PLT-06,2025-10-20,48,0,1942,None
INS-90677,GRN-5350,SUP-005,MAT-105,PLT-06,2025-10-20,48,0,1306,None
INS-90678,GRN-5351,SUP-005,MAT-105,PLT-06,2025-10-12,159,0,850,None
INS-90679,GRN-5351,SUP-005,MAT-105,PLT-06,2025-10-12,159,0,1557,None
INS-90680,GRN-5351,SUP-005,MAT-105,PLT-06,2025-10-12,161,0,2197,None
INS-90681,GRN-5352,SUP-005,MAT-105,PLT-03,2025-10-24,195,0,1664,None
INS-90682,GRN-5352,SUP-005,MAT-105,PLT-03,2025-10-24,195,0,2323,None
INS-90683,GRN-5353,SUP-006,MAT-102,PLT-03,2025-10-14,150,0,314,None
INS-90684,GRN-5353,SUP-006,MAT-102,PLT-03,2025-10-14,150,0,494,None
INS-90685,GRN-5354,SUP-006,MAT-102,PLT-04,2025-10-02,44,0,507,None
INS-90686,GRN-5354,SUP-006,MAT-102,PLT-04,2025-10-02,44,0,441,None
INS-90687,GRN-5355,SUP-007,MAT-101,PLT-04,2025-10-07,71,0,1255,None
INS-90688,GRN-5355,SUP-007,MAT-101,PLT-04,2025-10-07,71,0,694,None
INS-90689,GRN-5355,SUP-007,MAT-101,PLT-04,2025-10-07,72,0,512,None
INS-90690,GRN-5356,SUP-007,MAT-101,PLT-04,2025-10-07,223,0,1000,None
INS-90691,GRN-5357,SUP-007,MAT-101,PLT-02,2025-10-03,155,0,1973,None
INS-90692,GRN-5357,SUP-007,MAT-101,PLT-02,2025-10-03,155,0,2386,None
INS-90693,GRN-5357,SUP-007,MAT-101,PLT-02,2025-10-03,155,0,2352,None
INS-90694,GRN-5358,SUP-007,MAT-101,PLT-04,2025-09-29,54,0,1981,None
INS-90695,GRN-5358,SUP-007,MAT-101,PLT-04,2025-09-29,55,0,1899,None
INS-90696,GRN-5359,SUP-008,MAT-106,PLT-06,2025-10-04,117,0,838,None
INS-90697,GRN-5359,SUP-008,MAT-106,PLT-06,2025-10-04,118,0,937,None
INS-90698,GRN-5360,SUP-008,MAT-106,PLT-04,2025-09-25,487,1,2503,Oversize Particles
INS-90699,GRN-5361,SUP-009,MAT-108,PLT-06,2025-09-19,502,3,6267,Moisture
INS-90700,GRN-5362,SUP-009,MAT-108,PLT-06,2025-10-08,431,1,3964,Packaging Damage
INS-90701,GRN-5362,SUP-009,MAT-108,PLT-06,2025-10-08,431,1,3280,Oversize Particles
INS-90702,GRN-5363,SUP-009,MAT-107,PLT-06,2025-10-06,293,1,6770,Packaging Damage
INS-90703,GRN-5363,SUP-009,MAT-107,PLT-06,2025-10-06,293,0,3260,None
INS-90704,GRN-5363,SUP-009,MAT-107,PLT-06,2025-10-06,294,2,7077,Off-spec Chemistry
INS-90705,GRN-5364,SUP-010,MAT-103,PLT-06,2025-10-02,89,0,2244,None
INS-90706,GRN-5364,SUP-010,MAT-103,PLT-06,2025-10-02,89,0,665,None
INS-90707,GRN-5364,SUP-010,MAT-103,PLT-06,2025-10-02,91,0,770,None
INS-90708,GRN-5365,SUP-010,MAT-103,PLT-01,2025-10-02,141,0,1187,None
INS-90709,GRN-5365,SUP-010,MAT-103,PLT-01,2025-10-02,141,0,1436,None
INS-90710,GRN-5365,SUP-010,MAT-103,PLT-01,2025-10-02,141,0,446,None
INS-90711,GRN-5366,SUP-010,MAT-103,PLT-04,2025-10-14,405,0,1909,None
INS-90712,GRN-5367,SUP-011,MAT-105,PLT-06,2025-10-03,60,0,3750,None
INS-90713,GRN-5367,SUP-011,MAT-105,PLT-06,2025-10-03,60,0,6556,None
INS-90714,GRN-5367,SUP-011,MAT-105,PLT-06,2025-10-03,61,0,5387,None
INS-90715,GRN-5368,SUP-011,MAT-105,PLT-03,2025-10-03,93,0,4759,None
INS-90716,GRN-5368,SUP-011,MAT-105,PLT-03,2025-10-03,93,0,5541,None
INS-90717,GRN-5368,SUP-011,MAT-105,PLT-03,2025-10-03,93,0,5438,None
INS-90718,GRN-5369,SUP-011,MAT-105,PLT-02,2025-09-29,168,0,4498,None
INS-90719,GRN-5369,SUP-011,MAT-105,PLT-02,2025-09-29,168,0,5379,None
INS-90720,GRN-5369,SUP-011,MAT-105,PLT-02,2025-09-29,170,1,6961,Packaging Damage
INS-90721,GRN-5370,SUP-011,MAT-105,PLT-03,2025-10-08,219,1,5113,Off-spec Chemistry
INS-90722,GRN-5370,SUP-011,MAT-105,PLT-03,2025-10-08,219,1,6174,Oversize Particles
INS-90723,GRN-5371,SUP-012,MAT-110,PLT-04,2025-09-29,512,0,118,None
INS-90724,GRN-5372,SUP-012,MAT-109,PLT-06,2025-10-10,64,0,799,None
INS-90725,GRN-5372,SUP-012,MAT-109,PLT-06,2025-10-10,64,0,699,None
INS-90726,GRN-5372,SUP-012,MAT-109,PLT-06,2025-10-10,64,0,358,None
INS-90727,GRN-5373,SUP-012,MAT-109,PLT-02,2025-10-02,749,0,526,None
INS-90728,GRN-5374,SUP-012,MAT-110,PLT-01,2025-09-17,701,0,303,None
INS-90729,GRN-5375,SUP-013,MAT-101,PLT-04,2025-09-28,362,0,1454,None
INS-90730,GRN-5376,SUP-013,MAT-101,PLT-01,2025-10-03,119,0,5237,None
INS-90731,GRN-5376,SUP-013,MAT-101,PLT-01,2025-10-03,119,0,2838,None
INS-90732,GRN-5376,SUP-013,MAT-101,PLT-01,2025-10-03,119,0,6779,None
INS-90733,GRN-5377,SUP-013,MAT-101,PLT-02,2025-09-29,84,0,5113,None
INS-90734,GRN-5377,SUP-013,MAT-101,PLT-02,2025-09-29,85,0,5594,None
INS-90735,GRN-5378,SUP-013,MAT-101,PLT-01,2025-09-25,102,0,4506,None
INS-90736,GRN-5378,SUP-013,MAT-101,PLT-01,2025-09-25,102,0,3002,None
INS-90737,GRN-5378,SUP-013,MAT-101,PLT-01,2025-09-25,104,0,2675,None
INS-90738,GRN-5379,SUP-014,MAT-104,PLT-02,2025-10-09,112,0,690,None
INS-90739,GRN-5379,SUP-014,MAT-104,PLT-02,2025-10-09,112,0,517,None
INS-90740,GRN-5379,SUP-014,MAT-104,PLT-02,2025-10-09,114,0,515,None
INS-90741,GRN-5380,SUP-014,MAT-104,PLT-02,2025-09-23,275,0,532,None
INS-90742,GRN-5381,SUP-014,MAT-104,PLT-06,2025-10-21,491,0,434,None
INS-90743,GRN-5382,SUP-001,MAT-101,PLT-05,2025-10-26,44,0,98,None
INS-90744,GRN-5382,SUP-001,MAT-101,PLT-05,2025-10-26,44,0,96,None
INS-90745,GRN-5382,SUP-001,MAT-101,PLT-05,2025-10-26,44,0,97,None
INS-90746,GRN-5383,SUP-001,MAT-101,PLT-06,2025-10-25,428,0,114,None
INS-90747,GRN-5384,SUP-001,MAT-101,PLT-03,2025-10-28,71,0,127,None
INS-90748,GRN-5384,SUP-001,MAT-101,PLT-03,2025-10-28,71,0,63,None
INS-90749,GRN-5384,SUP-001,MAT-101,PLT-03,2025-10-28,73,0,102,None
INS-90750,GRN-5385,SUP-001,MAT-101,PLT-03,2025-11-08,143,0,125,None
INS-90751,GRN-5385,SUP-001,MAT-101,PLT-03,2025-11-08,144,0,89,None
INS-90752,GRN-5386,SUP-002,MAT-102,PLT-06,2025-11-02,506,0,66,None
INS-90753,GRN-5387,SUP-002,MAT-102,PLT-04,2025-11-02,129,0,122,None
INS-90754,GRN-5387,SUP-002,MAT-102,PLT-04,2025-11-02,129,0,140,None
INS-90755,GRN-5388,SUP-002,MAT-102,PLT-06,2025-11-20,508,0,154,None
INS-90756,GRN-5389,SUP-002,MAT-102,PLT-05,2025-11-08,96,0,117,None
INS-90757,GRN-5389,SUP-002,MAT-102,PLT-05,2025-11-08,97,0,116,None
INS-90758,GRN-5390,SUP-003,MAT-103,PLT-03,2025-10-29,519,0,726,None
INS-90759,GRN-5391,SUP-003,MAT-103,PLT-02,2025-10-28,68,0,292,None
INS-90760,GRN-5391,SUP-003,MAT-103,PLT-02,2025-10-28,68,0,405,None
INS-90761,GRN-5391,SUP-003,MAT-103,PLT-02,2025-10-28,70,0,665,None
INS-90762,GRN-5392,SUP-004,MAT-104,PLT-03,2025-11-07,143,0,265,None
INS-90763,GRN-5392,SUP-004,MAT-104,PLT-03,2025-11-07,143,0,282,None
INS-90764,GRN-5392,SUP-004,MAT-104,PLT-03,2025-11-07,145,0,337,None
INS-90765,GRN-5393,SUP-004,MAT-104,PLT-03,2025-10-26,382,0,364,None
INS-90766,GRN-5394,SUP-004,MAT-104,PLT-05,2025-11-04,169,0,689,None
INS-90767,GRN-5395,SUP-004,MAT-104,PLT-04,2025-11-14,68,0,309,None
INS-90768,GRN-5395,SUP-004,MAT-104,PLT-04,2025-11-14,69,0,440,None
INS-90769,GRN-5396,SUP-005,MAT-105,PLT-01,2025-11-07,423,0,2035,None
INS-90770,GRN-5397,SUP-005,MAT-105,PLT-03,2025-11-06,34,0,724,None
INS-90771,GRN-5397,SUP-005,MAT-105,PLT-03,2025-11-06,34,0,911,None
INS-90772,GRN-5397,SUP-005,MAT-105,PLT-03,2025-11-06,36,0,440,None
INS-90773,GRN-5398,SUP-005,MAT-105,PLT-05,2025-10-27,50,0,1122,None
INS-90774,GRN-5398,SUP-005,MAT-105,PLT-05,2025-10-27,50,0,679,None
INS-90775,GRN-5399,SUP-006,MAT-102,PLT-04,2025-10-31,270,0,433,None
INS-90776,GRN-5400,SUP-006,MAT-102,PLT-04,2025-10-26,52,0,607,None
INS-90777,GRN-5400,SUP-006,MAT-102,PLT-04,2025-10-26,52,0,406,None
INS-90778,GRN-5400,SUP-006,MAT-102,PLT-04,2025-10-26,54,0,521,None
INS-90779,GRN-5401,SUP-007,MAT-101,PLT-05,2025-11-09,196,0,1196,None
INS-90780,GRN-5401,SUP-007,MAT-101,PLT-05,2025-11-09,196,0,2136,None
INS-90781,GRN-5401,SUP-007,MAT-101,PLT-05,2025-11-09,196,0,1752,None
INS-90782,GRN-5402,SUP-007,MAT-101,PLT-05,2025-11-06,76,0,1700,None
INS-90783,GRN-5402,SUP-007,MAT-101,PLT-05,2025-11-06,76,0,1068,None
INS-90784,GRN-5402,SUP-007,MAT-101,PLT-05,2025-11-06,78,0,1778,None
INS-90785,GRN-5403,SUP-007,MAT-101,PLT-02,2025-11-07,151,0,2351,None
INS-90786,GRN-5403,SUP-007,MAT-101,PLT-02,2025-11-07,151,0,1505,None
INS-90787,GRN-5403,SUP-007,MAT-101,PLT-02,2025-11-07,152,0,1382,None
INS-90788,GRN-5404,SUP-007,MAT-101,PLT-06,2025-10-22,111,0,708,None
INS-90789,GRN-5404,SUP-007,MAT-101,PLT-06,2025-10-22,112,0,892,None
INS-90790,GRN-5405,SUP-008,MAT-106,PLT-06,2025-11-08,311,0,1274,None
INS-90791,GRN-5406,SUP-008,MAT-106,PLT-01,2025-10-30,77,0,1963,None
INS-90792,GRN-5406,SUP-008,MAT-106,PLT-01,2025-10-30,77,0,1432,None
INS-90793,GRN-5406,SUP-008,MAT-106,PLT-01,2025-10-30,77,0,1678,None
INS-90794,GRN-5407,SUP-009,MAT-108,PLT-03,2025-10-25,189,1,5729,Packaging Damage
INS-90795,GRN-5407,SUP-009,MAT-108,PLT-03,2025-10-25,189,0,4182,None
INS-90796,GRN-5408,SUP-009,MAT-107,PLT-03,2025-11-08,663,4,7192,Bubble/Seed
INS-90797,GRN-5409,SUP-009,MAT-107,PLT-01,2025-11-24,423,2,6576,Moisture
INS-90798,GRN-5410,SUP-009,MAT-108,PLT-04,2025-11-08,305,1,6474,Oversize Particles
INS-90799,GRN-5410,SUP-009,MAT-108,PLT-04,2025-11-08,305,1,3574,Packaging Damage
INS-90800,GRN-5410,SUP-009,MAT-108,PLT-04,2025-11-08,307,1,4651,Contamination
INS-90801,GRN-5411,SUP-010,MAT-103,PLT-04,2025-10-29,413,0,1568,None
INS-90802,GRN-5412,SUP-010,MAT-103,PLT-01,2025-10-28,93,0,2151,None
INS-90803,GRN-5413,SUP-010,MAT-103,PLT-05,2025-11-06,385,0,1316,None
INS-90804,GRN-5414,SUP-011,MAT-105,PLT-02,2025-11-03,469,1,2432,Bubble/Seed
INS-90805,GRN-5415,SUP-011,MAT-105,PLT-03,2025-11-03,132,0,4113,None
INS-90806,GRN-5415,SUP-011,MAT-105,PLT-03,2025-11-03,132,0,3128,None
INS-90807,GRN-5415,SUP-011,MAT-105,PLT-03,2025-11-03,133,0,4495,None
INS-90808,GRN-5416,SUP-011,MAT-105,PLT-04,2025-10-21,102,0,4366,None
INS-90809,GRN-5416,SUP-011,MAT-105,PLT-04,2025-10-21,102,0,4164,None
INS-90810,GRN-5417,SUP-011,MAT-105,PLT-02,2025-11-15,183,0,5134,None
INS-90811,GRN-5417,SUP-011,MAT-105,PLT-02,2025-11-15,183,0,5079,None
INS-90812,GRN-5417,SUP-011,MAT-105,PLT-02,2025-11-15,185,1,5983,Packaging Damage
INS-90813,GRN-5418,SUP-012,MAT-110,PLT-02,2025-10-26,223,0,626,None
INS-90814,GRN-5418,SUP-012,MAT-110,PLT-02,2025-10-26,224,0,611,None
INS-90815,GRN-5419,SUP-012,MAT-109,PLT-05,2025-10-31,176,0,404,None
INS-90816,GRN-5419,SUP-012,MAT-109,PLT-05,2025-10-31,176,0,326,None
INS-90817,GRN-5419,SUP-012,MAT-109,PLT-05,2025-10-31,178,0,330,None
INS-90818,GRN-5420,SUP-012,MAT-109,PLT-03,2025-11-09,633,0,283,None
INS-90819,GRN-5421,SUP-013,MAT-101,PLT-01,2025-11-05,143,0,3021,None
INS-90820,GRN-5421,SUP-013,MAT-101,PLT-01,2025-11-05,143,0,5614,None
INS-90821,GRN-5422,SUP-013,MAT-101,PLT-05,2025-11-06,400,1,4014,Moisture
INS-90822,GRN-5423,SUP-013,MAT-101,PLT-02,2025-10-28,121,0,2754,None
INS-90823,GRN-5423,SUP-013,MAT-101,PLT-02,2025-10-28,122,0,5067,None
INS-90824,GRN-5424,SUP-014,MAT-104,PLT-02,2025-10-31,89,0,475,None
INS-90825,GRN-5425,SUP-014,MAT-104,PLT-06,2025-11-02,96,0,261,None
INS-90826,GRN-5425,SUP-014,MAT-104,PLT-06,2025-11-02,96,0,389,None
INS-90827,GRN-5425,SUP-014,MAT-104,PLT-06,2025-11-02,98,0,430,None
INS-90828,GRN-5426,SUP-014,MAT-104,PLT-05,2025-11-03,149,0,697,None
INS-90829,GRN-5426,SUP-014,MAT-104,PLT-05,2025-11-03,149,0,429,None
INS-90830,GRN-5427,SUP-014,MAT-104,PLT-03,2025-10-27,246,0,747,None
INS-90831,GRN-5427,SUP-014,MAT-104,PLT-03,2025-10-27,246,0,557,None
INS-90832,GRN-5428,SUP-001,MAT-101,PLT-02,2025-12-04,56,0,152,None
INS-90833,GRN-5428,SUP-001,MAT-101,PLT-02,2025-12-04,56,0,200,None
INS-90834,GRN-5428,SUP-001,MAT-101,PLT-02,2025-12-04,57,0,125,None
INS-90835,GRN-5429,SUP-001,MAT-101,PLT-06,2025-11-15,181,0,149,None
INS-90836,GRN-5429,SUP-001,MAT-101,PLT-06,2025-11-15,182,0,125,None
INS-90837,GRN-5430,SUP-001,MAT-101,PLT-03,2025-12-06,76,0,88,None
INS-90838,GRN-5430,SUP-001,MAT-101,PLT-03,2025-12-06,77,0,97,None
INS-90839,GRN-5431,SUP-002,MAT-102,PLT-01,2025-11-22,104,0,108,None
INS-90840,GRN-5431,SUP-002,MAT-102,PLT-01,2025-11-22,105,0,133,None
INS-90841,GRN-5432,SUP-002,MAT-102,PLT-05,2025-12-05,115,0,189,None
INS-90842,GRN-5432,SUP-002,MAT-102,PLT-05,2025-12-05,116,0,88,None
INS-90843,GRN-5433,SUP-003,MAT-103,PLT-03,2025-11-30,161,0,637,None
INS-90844,GRN-5433,SUP-003,MAT-103,PLT-03,2025-11-30,161,0,497,None
INS-90845,GRN-5433,SUP-003,MAT-103,PLT-03,2025-11-30,161,0,477,None
INS-90846,GRN-5434,SUP-003,MAT-103,PLT-01,2025-12-14,77,0,688,None
INS-90847,GRN-5434,SUP-003,MAT-103,PLT-01,2025-12-14,77,0,512,None
INS-90848,GRN-5434,SUP-003,MAT-103,PLT-01,2025-12-14,79,0,364,None
INS-90849,GRN-5435,SUP-003,MAT-103,PLT-03,2025-11-20,64,0,618,None
INS-90850,GRN-5435,SUP-003,MAT-103,PLT-03,2025-11-20,64,0,360,None
INS-90851,GRN-5436,SUP-004,MAT-104,PLT-06,2025-12-11,104,0,458,None
INS-90852,GRN-5436,SUP-004,MAT-104,PLT-06,2025-12-11,104,0,271,None
INS-90853,GRN-5437,SUP-004,MAT-104,PLT-01,2025-11-30,137,0,526,None
INS-90854,GRN-5437,SUP-004,MAT-104,PLT-01,2025-11-30,137,0,436,None
INS-90855,GRN-5437,SUP-004,MAT-104,PLT-01,2025-11-30,139,0,536,None
INS-90856,GRN-5438,SUP-004,MAT-104,PLT-06,2025-11-23,219,0,568,None
INS-90857,GRN-5439,SUP-005,MAT-105,PLT-04,2025-11-26,104,0,876,None
INS-90858,GRN-5439,SUP-005,MAT-105,PLT-04,2025-11-26,105,0,523,None
INS-90859,GRN-5440,SUP-005,MAT-105,PLT-05,2025-12-05,317,0,1953,None
INS-90860,GRN-5441,SUP-005,MAT-105,PLT-03,2025-12-04,50,0,1327,None
INS-90861,GRN-5441,SUP-005,MAT-105,PLT-03,2025-12-04,50,0,1688,None
INS-90862,GRN-5441,SUP-005,MAT-105,PLT-03,2025-12-04,50,0,865,None
INS-90863,GRN-5442,SUP-006,MAT-102,PLT-05,2025-11-18,124,0,410,None
INS-90864,GRN-5442,SUP-006,MAT-102,PLT-05,2025-11-18,124,0,514,None
INS-90865,GRN-5442,SUP-006,MAT-102,PLT-05,2025-11-18,124,0,480,None
INS-90866,GRN-5443,SUP-006,MAT-102,PLT-05,2025-11-27,582,0,392,None
INS-90867,GRN-5444,SUP-006,MAT-102,PLT-03,2025-11-21,198,0,338,None
INS-90868,GRN-5444,SUP-006,MAT-102,PLT-03,2025-11-21,198,0,462,None
INS-90869,GRN-5444,SUP-006,MAT-102,PLT-03,2025-11-21,199,0,469,None
INS-90870,GRN-5445,SUP-006,MAT-102,PLT-02,2025-12-15,157,0,515,None
INS-90871,GRN-5445,SUP-006,MAT-102,PLT-02,2025-12-15,157,0,345,None
INS-90872,GRN-5445,SUP-006,MAT-102,PLT-02,2025-12-15,157,0,356,None
INS-90873,GRN-5446,SUP-007,MAT-101,PLT-02,2025-12-17,269,0,1900,None
INS-90874,GRN-5446,SUP-007,MAT-101,PLT-02,2025-12-17,270,0,415,None
INS-90875,GRN-5447,SUP-007,MAT-101,PLT-06,2025-12-01,186,0,1514,None
INS-90876,GRN-5447,SUP-007,MAT-101,PLT-06,2025-12-01,187,0,1404,None
INS-90877,GRN-5448,SUP-008,MAT-106,PLT-06,2025-12-21,68,0,1260,None
INS-90878,GRN-5448,SUP-008,MAT-106,PLT-06,2025-12-21,68,0,1511,None
INS-90879,GRN-5449,SUP-008,MAT-106,PLT-04,2025-12-07,104,0,762,None
INS-90880,GRN-5450,SUP-009,MAT-108,PLT-02,2025-12-01,1449,6,4315,Moisture
INS-90881,GRN-5451,SUP-009,MAT-107,PLT-03,2025-11-14,469,2,5493,Contamination
INS-90882,GRN-5451,SUP-009,MAT-107,PLT-03,2025-11-14,469,1,2866,Off-spec Chemistry
INS-90883,GRN-5451,SUP-009,MAT-107,PLT-03,2025-11-14,471,0,30,None
INS-90884,GRN-5452,SUP-010,MAT-103,PLT-01,2025-12-05,219,0,941,None
INS-90885,GRN-5453,SUP-010,MAT-103,PLT-03,2025-11-22,164,0,1135,None
INS-90886,GRN-5453,SUP-010,MAT-103,PLT-03,2025-11-22,165,0,1282,None
INS-90887,GRN-5454,SUP-010,MAT-103,PLT-06,2025-11-29,267,0,1995,None
INS-90888,GRN-5455,SUP-011,MAT-105,PLT-06,2025-11-24,257,0,2724,None
INS-90889,GRN-5456,SUP-011,MAT-105,PLT-04,2025-12-16,35,0,4569,None
INS-90890,GRN-5456,SUP-011,MAT-105,PLT-04,2025-12-16,35,0,5457,None
INS-90891,GRN-5456,SUP-011,MAT-105,PLT-04,2025-12-16,35,0,3814,None
INS-90892,GRN-5457,SUP-012,MAT-109,PLT-01,2025-11-25,148,0,606,None
INS-90893,GRN-5457,SUP-012,MAT-109,PLT-01,2025-11-25,148,0,537,None
INS-90894,GRN-5458,SUP-012,MAT-110,PLT-05,2025-12-03,1328,0,422,None
INS-90895,GRN-5459,SUP-012,MAT-109,PLT-03,2025-12-13,621,0,222,None
INS-90896,GRN-5460,SUP-013,MAT-101,PLT-03,2025-11-20,194,0,3919,None
INS-90897,GRN-5460,SUP-013,MAT-101,PLT-03,2025-11-20,194,0,3387,None
INS-90898,GRN-5461,SUP-013,MAT-101,PLT-04,2025-12-03,74,0,6059,None
INS-90899,GRN-5461,SUP-013,MAT-101,PLT-04,2025-12-03,74,0,6655,None
INS-90900,GRN-5462,SUP-014,MAT-104,PLT-03,2025-12-10,92,0,355,None
INS-90901,GRN-5462,SUP-014,MAT-104,PLT-03,2025-12-10,92,0,632,None
INS-90902,GRN-5462,SUP-014,MAT-104,PLT-03,2025-12-10,94,0,457,None
INS-90903,GRN-5463,SUP-014,MAT-104,PLT-01,2025-12-07,229,0,329,None
INS-90904,GRN-5463,SUP-014,MAT-104,PLT-01,2025-12-07,230,0,444,None
INS-90905,GRN-5464,SUP-001,MAT-101,PLT-05,2026-01-16,61,0,138,None
INS-90906,GRN-5464,SUP-001,MAT-101,PLT-05,2026-01-16,62,0,161,None
INS-90907,GRN-5465,SUP-001,MAT-101,PLT-05,2025-12-17,481,0,99,None
INS-90908,GRN-5466,SUP-001,MAT-101,PLT-02,2025-12-31,134,0,79,None
INS-90909,GRN-5466,SUP-001,MAT-101,PLT-02,2025-12-31,134,0,131,None
INS-90910,GRN-5466,SUP-001,MAT-101,PLT-02,2025-12-31,136,0,98,None
INS-90911,GRN-5467,SUP-001,MAT-101,PLT-06,2026-01-04,164,0,117,None
INS-90912,GRN-5468,SUP-002,MAT-102,PLT-04,2026-01-06,385,0,150,None
INS-90913,GRN-5469,SUP-002,MAT-102,PLT-01,2026-01-18,150,0,50,None
INS-90914,GRN-5470,SUP-002,MAT-102,PLT-05,2025-12-22,32,0,145,None
INS-90915,GRN-5470,SUP-002,MAT-102,PLT-05,2025-12-22,32,0,96,None
INS-90916,GRN-5470,SUP-002,MAT-102,PLT-05,2025-12-22,34,0,112,None
INS-90917,GRN-5471,SUP-002,MAT-102,PLT-04,2026-01-01,515,0,155,None
INS-90918,GRN-5472,SUP-003,MAT-103,PLT-05,2026-01-12,401,0,454,None
INS-90919,GRN-5473,SUP-003,MAT-103,PLT-06,2026-01-17,98,0,382,None
INS-90920,GRN-5474,SUP-004,MAT-104,PLT-01,2025-12-22,283,0,317,None
INS-90921,GRN-5475,SUP-004,MAT-104,PLT-06,2026-01-02,211,0,510,None
INS-90922,GRN-5475,SUP-004,MAT-104,PLT-06,2026-01-02,212,0,355,None
INS-90923,GRN-5476,SUP-004,MAT-104,PLT-04,2025-12-23,133,0,622,None
INS-90924,GRN-5476,SUP-004,MAT-104,PLT-04,2025-12-23,133,0,0,None
INS-90925,GRN-5476,SUP-004,MAT-104,PLT-04,2025-12-23,134,0,543,None
INS-90926,GRN-5477,SUP-005,MAT-105,PLT-03,2025-12-18,161,0,1299,None
INS-90927,GRN-5478,SUP-005,MAT-105,PLT-03,2026-01-05,234,0,1786,None
INS-90928,GRN-5478,SUP-005,MAT-105,PLT-03,2026-01-05,234,0,911,None
INS-90929,GRN-5479,SUP-005,MAT-105,PLT-04,2025-12-17,195,0,1987,None
INS-90930,GRN-5479,SUP-005,MAT-105,PLT-04,2025-12-17,195,0,2299,None
INS-90931,GRN-5480,SUP-006,MAT-102,PLT-06,2025-12-20,62,0,462,None
INS-90932,GRN-5480,SUP-006,MAT-102,PLT-06,2025-12-20,62,0,410,None
INS-90933,GRN-5480,SUP-006,MAT-102,PLT-06,2025-12-20,63,0,449,None
INS-90934,GRN-5481,SUP-006,MAT-102,PLT-02,2025-12-30,282,0,512,None
INS-90935,GRN-5481,SUP-006,MAT-102,PLT-02,2025-12-30,283,0,422,None
INS-90936,GRN-5482,SUP-006,MAT-102,PLT-06,2026-01-11,51,0,293,None
INS-90937,GRN-5482,SUP-006,MAT-102,PLT-06,2026-01-11,51,0,597,None
INS-90938,GRN-5482,SUP-006,MAT-102,PLT-06,2026-01-11,51,0,575,None
INS-90939,GRN-5483,SUP-006,MAT-102,PLT-01,2026-01-06,178,0,597,None
INS-90940,GRN-5483,SUP-006,MAT-102,PLT-01,2026-01-06,178,0,239,None
INS-90941,GRN-5484,SUP-007,MAT-101,PLT-05,2026-01-01,201,0,1073,None
INS-90942,GRN-5484,SUP-007,MAT-101,PLT-05,2026-01-01,202,0,1489,None
INS-90943,GRN-5485,SUP-007,MAT-101,PLT-04,2026-01-04,427,0,1443,None
INS-90944,GRN-5486,SUP-008,MAT-106,PLT-05,2025-12-20,190,0,416,None
INS-90945,GRN-5486,SUP-008,MAT-106,PLT-05,2025-12-20,190,0,1333,None
INS-90946,GRN-5486,SUP-008,MAT-106,PLT-05,2025-12-20,192,0,1994,None
INS-90947,GRN-5487,SUP-008,MAT-106,PLT-02,2025-12-28,168,0,1600,None
INS-90948,GRN-5488,SUP-008,MAT-106,PLT-02,2026-01-08,271,0,1817,None
INS-90949,GRN-5488,SUP-008,MAT-106,PLT-02,2026-01-08,272,0,1342,None
INS-90950,GRN-5489,SUP-008,MAT-106,PLT-04,2025-12-31,138,0,1498,None
INS-90951,GRN-5489,SUP-008,MAT-106,PLT-04,2025-12-31,138,0,2085,None
INS-90952,GRN-5489,SUP-008,MAT-106,PLT-04,2025-12-31,138,0,952,None
INS-90953,GRN-5490,SUP-009,MAT-108,PLT-04,2026-01-16,286,0,3282,None
INS-90954,GRN-5491,SUP-009,MAT-107,PLT-03,2025-12-29,1315,5,4117,Packaging Damage
INS-90955,GRN-5492,SUP-009,MAT-107,PLT-04,2026-01-14,117,0,5339,None
INS-90956,GRN-5492,SUP-009,MAT-107,PLT-04,2026-01-14,117,0,4523,None
INS-90957,GRN-5492,SUP-009,MAT-107,PLT-04,2026-01-14,119,0,6082,None
INS-90958,GRN-5493,SUP-009,MAT-107,PLT-06,2026-01-03,88,0,4589,None
INS-90959,GRN-5493,SUP-009,MAT-107,PLT-06,2026-01-03,88,0,6222,None
INS-90960,GRN-5493,SUP-009,MAT-107,PLT-06,2026-01-03,89,0,4606,None
INS-90961,GRN-5494,SUP-010,MAT-103,PLT-06,2025-12-20,252,0,1297,None
INS-90962,GRN-5494,SUP-010,MAT-103,PLT-06,2025-12-20,253,0,1394,None
INS-90963,GRN-5495,SUP-010,MAT-103,PLT-01,2026-01-13,466,0,1780,None
INS-90964,GRN-5496,SUP-010,MAT-103,PLT-06,2025-12-26,105,0,2077,None
INS-90965,GRN-5496,SUP-010,MAT-103,PLT-06,2025-12-26,105,0,1490,None
INS-90966,GRN-5496,SUP-010,MAT-103,PLT-06,2025-12-26,107,0,1503,None
INS-90967,GRN-5497,SUP-011,MAT-105,PLT-03,2025-12-28,437,3,7704,Off-spec Chemistry
INS-90968,GRN-5498,SUP-011,MAT-105,PLT-06,2026-01-10,263,1,6193,Moisture
INS-90969,GRN-5498,SUP-011,MAT-105,PLT-06,2026-01-10,264,1,6350,Moisture
INS-90970,GRN-5499,SUP-011,MAT-105,PLT-05,2025-12-26,140,0,3895,None
INS-90971,GRN-5499,SUP-011,MAT-105,PLT-05,2025-12-26,140,0,6468,None
INS-90972,GRN-5499,SUP-011,MAT-105,PLT-05,2025-12-26,141,0,6639,None
INS-90973,GRN-5500,SUP-012,MAT-110,PLT-05,2025-12-24,519,0,180,None
INS-90974,GRN-5500,SUP-012,MAT-110,PLT-05,2025-12-24,520,0,616,None
INS-90975,GRN-5501,SUP-012,MAT-109,PLT-01,2025-12-18,382,0,325,None
INS-90976,GRN-5501,SUP-012,MAT-109,PLT-01,2025-12-18,382,0,618,None
INS-90977,GRN-5502,SUP-013,MAT-101,PLT-05,2026-01-14,206,1,5730,Bubble/Seed
INS-90978,GRN-5502,SUP-013,MAT-101,PLT-05,2026-01-14,206,1,5674,Off-spec Chemistry
INS-90979,GRN-5503,SUP-013,MAT-101,PLT-06,2025-12-22,190,0,3425,None
INS-90980,GRN-5503,SUP-013,MAT-101,PLT-06,2025-12-22,190,0,2722,None
INS-90981,GRN-5503,SUP-013,MAT-101,PLT-06,2025-12-22,191,1,5934,Bubble/Seed
INS-90982,GRN-5504,SUP-013,MAT-101,PLT-02,2026-01-13,56,0,4310,None
INS-90983,GRN-5504,SUP-013,MAT-101,PLT-02,2026-01-13,56,0,5621,None
INS-90984,GRN-5504,SUP-013,MAT-101,PLT-02,2026-01-13,57,0,2673,None
INS-90985,GRN-5505,SUP-014,MAT-104,PLT-05,2025-12-28,53,0,295,None
INS-90986,GRN-5505,SUP-014,MAT-104,PLT-05,2025-12-28,54,0,455,None
INS-90987,GRN-5506,SUP-014,MAT-104,PLT-03,2025-12-17,188,0,249,None
INS-90988,GRN-5507,SUP-014,MAT-104,PLT-04,2026-01-11,463,0,350,None
