movement_id,movement_date,plant_id,material_id,movement_type,quantity,unit_of_measure,ref_grn_id
MOV-700001,2025-02-04,PLT-04,MAT-101,Receipt,350.0,MT,GRN-5000
MOV-700002,2025-02-15,PLT-04,MAT-101,Receipt,393.0,MT,GRN-5001
MOV-700003,2025-01-17,PLT-03,MAT-101,Receipt,323.0,MT,GRN-5002
MOV-700004,2025-01-29,PLT-04,MAT-101,Receipt,171.0,MT,GRN-5003
MOV-700005,2025-01-21,PLT-05,MAT-102,Receipt,481.0,MT,GRN-5004
MOV-700006,2025-01-31,PLT-02,MAT-102,Receipt,132.0,MT,GRN-5005
MOV-700007,2025-02-14,PLT-01,MAT-102,Receipt,551.0,MT,GRN-5006
MOV-700008,2025-01-17,PLT-01,MAT-103,Receipt,112.0,MT,GRN-5007
MOV-700009,2025-02-01,PLT-06,MAT-103,Receipt,472.0,MT,GRN-5008
MOV-700010,2025-01-24,PLT-04,MAT-103,Receipt,564.0,MT,GRN-5009
MOV-700011,2025-01-11,PLT-05,MAT-103,Receipt,107.0,MT,GRN-5010
MOV-700012,2025-02-14,PLT-01,MAT-104,Receipt,397.0,MT,GRN-5011
MOV-700013,2025-01-28,PLT-04,MAT-104,Receipt,192.0,MT,GRN-5012
MOV-700014,2025-01-27,PLT-01,MAT-104,Receipt,464.0,MT,GRN-5013
MOV-700015,2025-02-10,PLT-05,MAT-104,Receipt,277.0,MT,GRN-5014
MOV-700016,2025-02-05,PLT-02,MAT-105,Receipt,590.0,MT,GRN-5015
MOV-700017,2025-01-22,PLT-04,MAT-105,Receipt,506.0,MT,GRN-5016
MOV-700018,2025-01-27,PLT-04,MAT-105,Receipt,513.0,MT,GRN-5017
MOV-700019,2025-01-28,PLT-04,MAT-105,Receipt,499.0,MT,GRN-5018
MOV-700020,2025-02-14,PLT-01,MAT-102,Receipt,240.0,MT,GRN-5019
MOV-700021,2025-01-21,PLT-06,MAT-102,Receipt,454.0,MT,GRN-5020
MOV-700022,2025-01-16,PLT-01,MAT-101,Receipt,484.0,MT,GRN-5021
MOV-700023,2025-02-16,PLT-01,MAT-101,Receipt,116.0,MT,GRN-5022
MOV-700024,2025-02-15,PLT-02,MAT-101,Receipt,402.0,MT,GRN-5023
MOV-700025,2025-02-11,PLT-03,MAT-101,Receipt,325.0,MT,GRN-5024
MOV-700026,2025-02-15,PLT-04,MAT-106,Receipt,433.0,MT,GRN-5025
MOV-700027,2025-02-02,PLT-01,MAT-106,Receipt,343.0,MT,GRN-5026
MOV-700028,2025-02-07,PLT-04,MAT-106,Receipt,348.0,MT,GRN-5027
MOV-700029,2025-01-26,PLT-04,MAT-106,Receipt,137.0,MT,GRN-5028
MOV-700030,2025-01-24,PLT-05,MAT-107,Receipt,780.0,KG,GRN-5029
MOV-700031,2025-02-10,PLT-05,MAT-108,Receipt,1477.0,KG,GRN-5030
MOV-700032,2025-01-28,PLT-04,MAT-103,Receipt,95.0,MT,GRN-5031
MOV-700033,2025-01-18,PLT-05,MAT-103,Receipt,506.0,MT,GRN-5032
MOV-700034,2025-01-21,PLT-03,MAT-105,Receipt,169.0,MT,GRN-5033
MOV-700035,2025-02-02,PLT-04,MAT-105,Receipt,356.0,MT,GRN-5034
MOV-700036,2025-01-21,PLT-05,MAT-105,Receipt,448.0,MT,GRN-5035
MOV-700037,2025-02-12,PLT-03,MAT-109,Receipt,554.0,EA,GRN-5036
MOV-700038,2025-02-03,PLT-04,MAT-109,Receipt,668.0,EA,GRN-5037
MOV-700039,2025-02-05,PLT-05,MAT-101,Receipt,309.0,MT,GRN-5038
MOV-700040,2025-02-10,PLT-01,MAT-101,Receipt,421.0,MT,GRN-5039
MOV-700041,2025-02-06,PLT-03,MAT-104,Receipt,252.0,MT,GRN-5040
MOV-700042,2025-02-20,PLT-04,MAT-104,Receipt,229.0,MT,GRN-5041
MOV-700043,2025-02-14,PLT-05,MAT-104,Receipt,306.0,MT,GRN-5042
MOV-700044,2025-02-23,PLT-02,MAT-101,Receipt,395.0,MT,GRN-5043
MOV-700045,2025-02-18,PLT-01,MAT-101,Receipt,540.0,MT,GRN-5044
MOV-700046,2025-03-13,PLT-01,MAT-101,Receipt,453.0,MT,GRN-5045
MOV-700047,2025-02-18,PLT-05,MAT-102,Receipt,597.0,MT,GRN-5046
MOV-700048,2025-02-26,PLT-01,MAT-102,Receipt,80.0,MT,GRN-5047
MOV-700049,2025-02-22,PLT-06,MAT-103,Receipt,197.0,MT,GRN-5048
MOV-700050,2025-02-17,PLT-05,MAT-103,Receipt,154.0,MT,GRN-5049
MOV-700051,2025-03-10,PLT-01,MAT-103,Receipt,245.0,MT,GRN-5050
MOV-700052,2025-03-03,PLT-02,MAT-104,Receipt,132.0,MT,GRN-5051
MOV-700053,2025-02-17,PLT-04,MAT-104,Receipt,439.0,MT,GRN-5052
MOV-700054,2025-03-07,PLT-06,MAT-105,Receipt,592.0,MT,GRN-5053
MOV-700055,2025-03-26,PLT-02,MAT-105,Receipt,328.0,MT,GRN-5054
MOV-700056,2025-03-18,PLT-05,MAT-102,Receipt,382.0,MT,GRN-5055
MOV-700057,2025-02-24,PLT-04,MAT-102,Receipt,353.0,MT,GRN-5056
MOV-700058,2025-02-28,PLT-03,MAT-102,Receipt,312.0,MT,GRN-5057
MOV-700059,2025-03-03,PLT-04,MAT-102,Receipt,504.0,MT,GRN-5058
MOV-700060,2025-03-16,PLT-06,MAT-101,Receipt,582.0,MT,GRN-5059
MOV-700061,2025-03-12,PLT-04,MAT-101,Receipt,302.0,MT,GRN-5060
MOV-700062,2025-03-10,PLT-03,MAT-101,Receipt,471.0,MT,GRN-5061
MOV-700063,2025-02-16,PLT-05,MAT-106,Receipt,218.0,MT,GRN-5062
MOV-700064,2025-03-01,PLT-01,MAT-106,Receipt,398.0,MT,GRN-5063
MOV-700065,2025-02-28,PLT-04,MAT-106,Receipt,592.0,MT,GRN-5064
MOV-700066,2025-03-10,PLT-03,MAT-107,Receipt,251.0,KG,GRN-5065
MOV-700067,2025-02-25,PLT-01,MAT-107,Receipt,1448.0,KG,GRN-5066
MOV-700068,2025-02-19,PLT-05,MAT-103,Receipt,368.0,MT,GRN-5067
MOV-700069,2025-02-28,PLT-02,MAT-103,Receipt,596.0,MT,GRN-5068
MOV-700070,2025-03-04,PLT-04,MAT-103,Receipt,209.0,MT,GRN-5069
MOV-700071,2025-03-02,PLT-02,MAT-103,Receipt,381.0,MT,GRN-5070
MOV-700072,2025-03-12,PLT-05,MAT-105,Receipt,199.0,MT,GRN-5071
MOV-700073,2025-03-26,PLT-01,MAT-105,Receipt,388.0,MT,GRN-5072
MOV-700074,2025-03-09,PLT-02,MAT-110,Receipt,674.0,KG,GRN-5073
MOV-700075,2025-03-14,PLT-01,MAT-110,Receipt,484.0,KG,GRN-5074
MOV-700076,2025-03-06,PLT-01,MAT-110,Receipt,541.0,KG,GRN-5075
MOV-700077,2025-03-18,PLT-05,MAT-109,Receipt,523.0,EA,GRN-5076
MOV-700078,2025-02-19,PLT-03,MAT-101,Receipt,343.0,MT,GRN-5077
MOV-700079,2025-03-08,PLT-04,MAT-101,Receipt,257.0,MT,GRN-5078
MOV-700080,2025-03-29,PLT-04,MAT-101,Receipt,297.0,MT,GRN-5079
MOV-700081,2025-03-16,PLT-02,MAT-104,Receipt,230.0,MT,GRN-5080
MOV-700082,2025-02-20,PLT-04,MAT-104,Receipt,323.0,MT,GRN-5081
MOV-700083,2025-03-18,PLT-02,MAT-104,Receipt,237.0,MT,GRN-5082
MOV-700084,2025-03-06,PLT-01,MAT-104,Receipt,438.0,MT,GRN-5083
MOV-700085,2025-03-27,PLT-06,MAT-101,Receipt,113.0,MT,GRN-5084
MOV-700086,2025-04-16,PLT-06,MAT-101,Receipt,247.0,MT,GRN-5085
MOV-700087,2025-04-01,PLT-04,MAT-102,Receipt,442.0,MT,GRN-5086
MOV-700088,2025-04-17,PLT-03,MAT-102,Receipt,306.0,MT,GRN-5087
MOV-700089,2025-04-01,PLT-05,MAT-102,Receipt,561.0,MT,GRN-5088
MOV-700090,2025-04-08,PLT-02,MAT-103,Receipt,99.0,MT,GRN-5089
MOV-700091,2025-04-07,PLT-01,MAT-103,Receipt,91.0,MT,GRN-5090
MOV-700092,2025-04-04,PLT-03,MAT-103,Receipt,568.0,MT,GRN-5091
MOV-700093,2025-04-16,PLT-01,MAT-103,Receipt,577.0,MT,GRN-5092
MOV-700094,2025-03-25,PLT-03,MAT-104,Receipt,267.0,MT,GRN-5093
MOV-700095,2025-03-23,PLT-01,MAT-104,Receipt,95.0,MT,GRN-5094
MOV-700096,2025-04-16,PLT-03,MAT-104,Receipt,118.0,MT,GRN-5095
MOV-700097,2025-03-25,PLT-04,MAT-105,Receipt,468.0,MT,GRN-5096
MOV-700098,2025-03-25,PLT-05,MAT-105,Receipt,478.0,MT,GRN-5097
MOV-700099,2025-04-06,PLT-02,MAT-105,Receipt,232.0,MT,GRN-5098
MOV-700100,2025-04-05,PLT-02,MAT-105,Receipt,572.0,MT,GRN-5099
MOV-700101,2025-04-19,PLT-02,MAT-102,Receipt,498.0,MT,GRN-5100
MOV-700102,2025-03-21,PLT-06,MAT-102,Receipt,436.0,MT,GRN-5101
MOV-700103,2025-03-30,PLT-03,MAT-102,Receipt,305.0,MT,GRN-5102
MOV-700104,2025-04-08,PLT-03,MAT-102,Receipt,119.0,MT,GRN-5103
MOV-700105,2025-04-04,PLT-05,MAT-101,Receipt,110.0,MT,GRN-5104
MOV-700106,2025-04-04,PLT-02,MAT-101,Receipt,303.0,MT,GRN-5105
MOV-700107,2025-03-26,PLT-06,MAT-101,Receipt,501.0,MT,GRN-5106
MOV-700108,2025-04-14,PLT-06,MAT-101,Receipt,101.0,MT,GRN-5107
MOV-700109,2025-04-08,PLT-05,MAT-106,Receipt,112.0,MT,GRN-5108
MOV-700110,2025-04-07,PLT-05,MAT-106,Receipt,236.0,MT,GRN-5109
MOV-700111,2025-04-07,PLT-05,MAT-106,Receipt,382.0,MT,GRN-5110
MOV-700112,2025-03-31,PLT-01,MAT-106,Receipt,350.0,MT,GRN-5111
MOV-700113,2025-04-18,PLT-04,MAT-108,Receipt,1098.0,KG,GRN-5112
MOV-700114,2025-03-28,PLT-01,MAT-108,Receipt,316.0,KG,GRN-5113
MOV-700115,2025-03-26,PLT-06,MAT-103,Receipt,90.0,MT,GRN-5114
MOV-700116,2025-03-26,PLT-06,MAT-103,Receipt,165.0,MT,GRN-5115
MOV-700117,2025-03-17,PLT-01,MAT-103,Receipt,195.0,MT,GRN-5116
MOV-700118,2025-03-24,PLT-03,MAT-103,Receipt,396.0,MT,GRN-5117
MOV-700119,2025-04-24,PLT-03,MAT-105,Receipt,462.0,MT,GRN-5118
MOV-700120,2025-04-04,PLT-05,MAT-105,Receipt,322.0,MT,GRN-5119
MOV-700121,2025-03-25,PLT-04,MAT-105,Receipt,103.0,MT,GRN-5120
MOV-700122,2025-04-13,PLT-04,MAT-105,Receipt,443.0,MT,GRN-5121
MOV-700123,2025-03-24,PLT-02,MAT-109,Receipt,345.0,EA,GRN-5122
MOV-700124,2025-03-20,PLT-06,MAT-110,Receipt,574.0,KG,GRN-5123
MOV-700125,2025-03-14,PLT-02,MAT-110,Receipt,1090.0,KG,GRN-5124
MOV-700126,2025-03-31,PLT-03,MAT-101,Receipt,349.0,MT,GRN-5125
MOV-700127,2025-04-19,PLT-03,MAT-101,Receipt,248.0,MT,GRN-5126
MOV-700128,2025-03-20,PLT-05,MAT-101,Receipt,80.0,MT,GRN-5127
MOV-700129,2025-04-09,PLT-03,MAT-104,Receipt,205.0,MT,GRN-5128
MOV-700130,2025-03-20,PLT-02,MAT-104,Receipt,420.0,MT,GRN-5129
MOV-700131,2025-04-13,PLT-01,MAT-104,Receipt,424.0,MT,GRN-5130
MOV-700132,2025-04-17,PLT-05,MAT-101,Receipt,238.0,MT,GRN-5131
MOV-700133,2025-04-25,PLT-05,MAT-101,Receipt,410.0,MT,GRN-5132
MOV-700134,2025-04-24,PLT-01,MAT-102,Receipt,384.0,MT,GRN-5133
MOV-700135,2025-05-06,PLT-03,MAT-102,Receipt,164.0,MT,GRN-5134
MOV-700136,2025-05-13,PLT-06,MAT-103,Receipt,577.0,MT,GRN-5135
MOV-700137,2025-04-29,PLT-04,MAT-103,Receipt,220.0,MT,GRN-5136
MOV-700138,2025-04-28,PLT-05,MAT-103,Receipt,169.0,MT,GRN-5137
MOV-700139,2025-05-03,PLT-02,MAT-103,Receipt,524.0,MT,GRN-5138
MOV-700140,2025-04-27,PLT-06,MAT-104,Receipt,197.0,MT,GRN-5139
MOV-700141,2025-05-02,PLT-02,MAT-104,Receipt,372.0,MT,GRN-5140
MOV-700142,2025-05-03,PLT-01,MAT-104,Receipt,562.0,MT,GRN-5141
MOV-700143,2025-04-14,PLT-02,MAT-104,Receipt,156.0,MT,GRN-5142
MOV-700144,2025-04-26,PLT-04,MAT-105,Receipt,381.0,MT,GRN-5143
MOV-700145,2025-04-16,PLT-06,MAT-105,Receipt,504.0,MT,GRN-5144
MOV-700146,2025-04-25,PLT-02,MAT-105,Receipt,338.0,MT,GRN-5145
MOV-700147,2025-05-07,PLT-02,MAT-105,Receipt,525.0,MT,GRN-5146
MOV-700148,2025-05-05,PLT-05,MAT-102,Receipt,327.0,MT,GRN-5147
MOV-700149,2025-04-27,PLT-04,MAT-102,Receipt,579.0,MT,GRN-5148
MOV-700150,2025-04-18,PLT-01,MAT-102,Receipt,259.0,MT,GRN-5149
MOV-700151,2025-05-03,PLT-02,MAT-101,Receipt,508.0,MT,GRN-5150
MOV-700152,2025-05-18,PLT-05,MAT-101,Receipt,209.0,MT,GRN-5151
MOV-700153,2025-04-15,PLT-06,MAT-101,Receipt,317.0,MT,GRN-5152
MOV-700154,2025-04-22,PLT-06,MAT-106,Receipt,526.0,MT,GRN-5153
MOV-700155,2025-05-11,PLT-06,MAT-106,Receipt,332.0,MT,GRN-5154
MOV-700156,2025-05-03,PLT-04,MAT-108,Receipt,1019.0,KG,GRN-5155
MOV-700157,2025-04-30,PLT-06,MAT-107,Receipt,1406.0,KG,GRN-5156
MOV-700158,2025-05-02,PLT-05,MAT-103,Receipt,321.0,MT,GRN-5157
MOV-700159,2025-05-02,PLT-04,MAT-103,Receipt,306.0,MT,GRN-5158
MOV-700160,2025-05-05,PLT-02,MAT-105,Receipt,108.0,MT,GRN-5159
MOV-700161,2025-04-22,PLT-05,MAT-105,Receipt,546.0,MT,GRN-5160
MOV-700162,2025-05-10,PLT-05,MAT-110,Receipt,565.0,KG,GRN-5161
MOV-700163,2025-05-12,PLT-04,MAT-110,Receipt,1446.0,KG,GRN-5162
MOV-700164,2025-05-10,PLT-02,MAT-101,Receipt,198.0,MT,GRN-5163
MOV-700165,2025-04-22,PLT-05,MAT-101,Receipt,239.0,MT,GRN-5164
MOV-700166,2025-05-13,PLT-01,MAT-104,Receipt,493.0,MT,GRN-5165
MOV-700167,2025-05-02,PLT-05,MAT-104,Receipt,381.0,MT,GRN-5166
MOV-700168,2025-05-12,PLT-05,MAT-104,Receipt,542.0,MT,GRN-5167
MOV-700169,2025-05-28,PLT-06,MAT-101,Receipt,98.0,MT,GRN-5168
MOV-700170,2025-05-21,PLT-04,MAT-101,Receipt,340.0,MT,GRN-5169
MOV-700171,2025-05-31,PLT-03,MAT-101,Receipt,145.0,MT,GRN-5170
MOV-700172,2025-05-28,PLT-04,MAT-101,Receipt,149.0,MT,GRN-5171
MOV-700173,2025-06-11,PLT-05,MAT-102,Receipt,281.0,MT,GRN-5172
MOV-700174,2025-06-14,PLT-06,MAT-102,Receipt,241.0,MT,GRN-5173
MOV-700175,2025-05-28,PLT-05,MAT-102,Receipt,429.0,MT,GRN-5174
MOV-700176,2025-05-27,PLT-03,MAT-103,Receipt,478.0,MT,GRN-5175
MOV-700177,2025-06-02,PLT-06,MAT-103,Receipt,505.0,MT,GRN-5176
MOV-700178,2025-05-30,PLT-02,MAT-103,Receipt,339.0,MT,GRN-5177
MOV-700179,2025-05-19,PLT-01,MAT-103,Receipt,437.0,MT,GRN-5178
MOV-700180,2025-06-14,PLT-05,MAT-104,Receipt,307.0,MT,GRN-5179
MOV-700181,2025-06-04,PLT-05,MAT-104,Receipt,505.0,MT,GRN-5180
MOV-700182,2025-05-23,PLT-05,MAT-105,Receipt,504.0,MT,GRN-5181
MOV-700183,2025-05-25,PLT-05,MAT-105,Receipt,433.0,MT,GRN-5182
MOV-700184,2025-05-21,PLT-02,MAT-102,Receipt,101.0,MT,GRN-5183
MOV-700185,2025-06-06,PLT-06,MAT-102,Receipt,322.0,MT,GRN-5184
MOV-700186,2025-05-28,PLT-03,MAT-101,Receipt,423.0,MT,GRN-5185
MOV-700187,2025-05-31,PLT-03,MAT-101,Receipt,386.0,MT,GRN-5186
MOV-700188,2025-06-09,PLT-05,MAT-101,Receipt,151.0,MT,GRN-5187
MOV-700189,2025-05-28,PLT-05,MAT-106,Receipt,338.0,MT,GRN-5188
MOV-700190,2025-06-06,PLT-05,MAT-106,Receipt,306.0,MT,GRN-5189
MOV-700191,2025-06-08,PLT-02,MAT-106,Receipt,339.0,MT,GRN-5190
MOV-700192,2025-06-02,PLT-05,MAT-106,Receipt,536.0,MT,GRN-5191
MOV-700193,2025-06-05,PLT-04,MAT-108,Receipt,355.0,KG,GRN-5192
MOV-700194,2025-05-13,PLT-04,MAT-107,Receipt,923.0,KG,GRN-5193
MOV-700195,2025-06-06,PLT-01,MAT-108,Receipt,1362.0,KG,GRN-5194
MOV-700196,2025-06-11,PLT-04,MAT-108,Receipt,1039.0,KG,GRN-5195
MOV-700197,2025-06-12,PLT-06,MAT-103,Receipt,142.0,MT,GRN-5196
MOV-700198,2025-06-23,PLT-06,MAT-103,Receipt,344.0,MT,GRN-5197
MOV-700199,2025-05-24,PLT-05,MAT-105,Receipt,141.0,MT,GRN-5198
MOV-700200,2025-05-18,PLT-05,MAT-105,Receipt,280.0,MT,GRN-5199
MOV-700201,2025-06-03,PLT-05,MAT-110,Receipt,431.0,KG,GRN-5200
MOV-700202,2025-05-19,PLT-05,MAT-110,Receipt,393.0,KG,GRN-5201
MOV-700203,2025-06-08,PLT-03,MAT-110,Receipt,561.0,KG,GRN-5202
MOV-700204,2025-06-08,PLT-01,MAT-101,Receipt,269.0,MT,GRN-5203
MOV-700205,2025-06-27,PLT-01,MAT-101,Receipt,423.0,MT,GRN-5204
MOV-700206,2025-05-25,PLT-01,MAT-101,Receipt,247.0,MT,GRN-5205
MOV-700207,2025-06-15,PLT-04,MAT-104,Receipt,329.0,MT,GRN-5206
MOV-700208,2025-06-12,PLT-01,MAT-104,Receipt,499.0,MT,GRN-5207
MOV-700209,2025-06-08,PLT-02,MAT-104,Receipt,184.0,MT,GRN-5208
MOV-700210,2025-06-19,PLT-03,MAT-101,Receipt,593.0,MT,GRN-5209
MOV-700211,2025-07-21,PLT-05,MAT-101,Receipt,436.0,MT,GRN-5210
MOV-700212,2025-06-23,PLT-05,MAT-101,Receipt,454.0,MT,GRN-5211
MOV-700213,2025-06-21,PLT-03,MAT-102,Receipt,197.0,MT,GRN-5212
MOV-700214,2025-07-07,PLT-04,MAT-102,Receipt,498000.0,MT,GRN-5213
MOV-700215,2025-06-23,PLT-05,MAT-102,Receipt,513.0,MT,GRN-5214
MOV-700216,2025-06-17,PLT-02,MAT-103,Receipt,204.0,MT,GRN-5215
MOV-700217,2025-07-16,PLT-05,MAT-103,Receipt,156.0,MT,GRN-5216
MOV-700218,2025-06-24,PLT-06,MAT-104,Receipt,458.0,MT,GRN-5217
MOV-700219,2025-07-04,PLT-04,MAT-104,Receipt,218.0,MT,GRN-5218
MOV-700220,2025-07-05,PLT-03,MAT-105,Receipt,244.0,MT,GRN-5219
MOV-700221,2025-07-20,PLT-05,MAT-105,Receipt,412.0,MT,GRN-5220
MOV-700222,2025-07-04,PLT-04,MAT-105,Receipt,275.0,MT,GRN-5221
MOV-700223,2025-06-26,PLT-04,MAT-102,Receipt,444.0,MT,GRN-5222
MOV-700224,2025-07-13,PLT-05,MAT-102,Receipt,92.0,MT,GRN-5223
MOV-700225,2025-07-06,PLT-05,MAT-102,Receipt,247.0,MT,GRN-5224
MOV-700226,2025-06-25,PLT-03,MAT-102,Receipt,144.0,MT,GRN-5225
MOV-700227,2025-06-26,PLT-01,MAT-101,Receipt,463.0,MT,GRN-5226
MOV-700228,2025-07-01,PLT-02,MAT-101,Receipt,124.0,MT,GRN-5227
MOV-700229,2025-07-10,PLT-04,MAT-101,Receipt,329.0,MT,GRN-5228
MOV-700230,2025-07-19,PLT-05,MAT-106,Receipt,482.0,MT,GRN-5229
MOV-700231,2025-07-16,PLT-06,MAT-106,Receipt,242.0,MT,GRN-5230
MOV-700232,2025-07-19,PLT-01,MAT-106,Receipt,520.0,MT,GRN-5231
MOV-700233,2025-07-01,PLT-03,MAT-108,Receipt,563.0,KG,GRN-5232
MOV-700234,2025-06-27,PLT-05,MAT-108,Receipt,208.0,KG,GRN-5233
MOV-700235,2025-07-02,PLT-04,MAT-103,Receipt,372.0,MT,GRN-5234
MOV-700236,2025-06-27,PLT-01,MAT-103,Receipt,534.0,MT,GRN-5235
MOV-700237,2025-07-01,PLT-01,MAT-103,Receipt,153.0,MT,GRN-5236
MOV-700238,2025-07-18,PLT-04,MAT-103,Receipt,314.0,MT,GRN-5237
MOV-700239,2025-07-13,PLT-03,MAT-105,Receipt,162.0,MT,GRN-5238
MOV-700240,2025-07-13,PLT-04,MAT-105,Receipt,470.0,MT,GRN-5239
MOV-700241,2025-06-28,PLT-04,MAT-110,Receipt,683.0,KG,GRN-5240
MOV-700242,2025-06-13,PLT-03,MAT-110,Receipt,688.0,KG,GRN-5241
MOV-700243,2025-07-05,PLT-05,MAT-101,Receipt,513.0,MT,GRN-5242
MOV-700244,2025-07-12,PLT-05,MAT-101,Receipt,535.0,MT,GRN-5243
MOV-700245,2025-06-28,PLT-01,MAT-101,Receipt,84.0,MT,GRN-5244
MOV-700246,2025-07-03,PLT-06,MAT-101,Receipt,525.0,MT,GRN-5245
MOV-700247,2025-07-02,PLT-01,MAT-104,Receipt,401.0,MT,GRN-5246
MOV-700248,2025-07-07,PLT-03,MAT-104,Receipt,436.0,MT,GRN-5247
MOV-700249,2025-07-27,PLT-02,MAT-101,Receipt,326.0,MT,GRN-5248
MOV-700250,2025-07-23,PLT-02,MAT-101,Receipt,172.0,MT,GRN-5249
MOV-700251,2025-07-24,PLT-03,MAT-101,Receipt,234.0,MT,GRN-5250
MOV-700252,2025-08-18,PLT-03,MAT-102,Receipt,96.0,MT,GRN-5251
MOV-700253,2025-07-29,PLT-02,MAT-102,Receipt,233.0,MT,GRN-5252
MOV-700254,2025-08-16,PLT-03,MAT-103,Receipt,178.0,MT,GRN-5253
MOV-700255,2025-07-30,PLT-04,MAT-103,Receipt,163.0,MT,GRN-5254
MOV-700256,2025-08-04,PLT-03,MAT-104,Receipt,119.0,MT,GRN-5255
MOV-700257,2025-07-20,PLT-05,MAT-104,Receipt,333.0,MT,GRN-5256
MOV-700258,2025-07-28,PLT-05,MAT-104,Receipt,291.0,MT,GRN-5257
MOV-700259,2025-08-14,PLT-05,MAT-104,Receipt,,MT,GRN-5258
MOV-700260,2025-07-20,PLT-02,MAT-105,Receipt,281.0,MT,GRN-5259
MOV-700261,2025-07-20,PLT-04,MAT-105,Receipt,515.0,MT,GRN-5260
MOV-700262,2025-08-10,PLT-06,MAT-105,Receipt,80.0,MT,GRN-5261
MOV-700263,2025-08-12,PLT-06,MAT-105,Receipt,311.0,MT,GRN-5262
MOV-700264,2025-07-24,PLT-03,MAT-102,Receipt,122.0,MT,GRN-5263
MOV-700265,2025-07-30,PLT-03,MAT-102,Receipt,247.0,MT,GRN-5264
MOV-700266,2025-08-16,PLT-06,MAT-101,Receipt,365.0,MT,GRN-5265
MOV-700267,2025-07-25,PLT-01,MAT-101,Receipt,91.0,MT,GRN-5266
MOV-700268,2025-08-19,PLT-03,MAT-101,Receipt,112.0,MT,GRN-5267
MOV-700269,2025-08-26,PLT-04,MAT-106,Receipt,400.0,MT,GRN-5268
MOV-700270,2025-08-07,PLT-06,MAT-106,Receipt,404.0,MT,GRN-5269
MOV-700271,2025-08-12,PLT-02,MAT-108,Receipt,196.0,KG,GRN-5270
MOV-700272,2025-08-03,PLT-02,MAT-107,Receipt,1001.0,KG,GRN-5271
MOV-700273,2025-07-23,PLT-03,MAT-108,Receipt,1067.0,KG,GRN-5272
MOV-700274,2025-08-04,PLT-06,MAT-103,Receipt,449.0,MT,GRN-5273
MOV-700275,2025-07-28,PLT-03,MAT-103,Receipt,327.0,MT,GRN-5274
MOV-700276,2025-07-27,PLT-01,MAT-103,Receipt,445.0,MT,GRN-5275
MOV-700277,2025-07-26,PLT-02,MAT-105,Receipt,417.0,MT,GRN-5276
MOV-700278,2025-08-25,PLT-02,MAT-105,Receipt,152.0,MT,GRN-5277
MOV-700279,2025-08-02,PLT-04,MAT-105,Receipt,414.0,MT,GRN-5278
MOV-700280,2025-07-29,PLT-04,MAT-110,Receipt,1352.0,KG,GRN-5279
MOV-700281,2025-07-25,PLT-01,MAT-109,Receipt,554.0,EA,GRN-5280
MOV-700282,2025-08-22,PLT-02,MAT-110,Receipt,260.0,KG,GRN-5281
MOV-700283,2025-08-16,PLT-02,MAT-101,Receipt,229.0,MT,GRN-5282
MOV-700284,2025-07-29,PLT-04,MAT-101,Receipt,550.0,MT,GRN-5283
MOV-700285,2025-07-30,PLT-06,MAT-101,Receipt,368.0,MT,GRN-5284
MOV-700286,2025-08-17,PLT-06,MAT-104,Receipt,206.0,MT,GRN-5285
MOV-700287,2025-08-10,PLT-02,MAT-104,Receipt,528.0,MT,GRN-5286
MOV-700288,2025-08-09,PLT-01,MAT-104,Receipt,324.0,MT,GRN-5287
MOV-700289,2025-07-27,PLT-05,MAT-104,Receipt,272.0,MT,GRN-5288
MOV-700290,2025-09-03,PLT-04,MAT-101,Receipt,152.0,MT,GRN-5289
MOV-700291,2025-09-17,PLT-01,MAT-101,Receipt,508.0,MT,GRN-5290
MOV-700292,2025-09-08,PLT-04,MAT-101,Receipt,364.0,MT,GRN-5291
MOV-700293,2025-09-02,PLT-03,MAT-102,Receipt,285.0,MT,GRN-5292
MOV-700294,2025-09-04,PLT-01,MAT-102,Receipt,427.0,MT,GRN-5293
MOV-700295,2025-08-28,PLT-06,MAT-102,Receipt,559.0,MT,GRN-5294
MOV-700296,2025-09-02,PLT-03,MAT-102,Receipt,569.0,MT,GRN-5295
MOV-700297,2025-09-11,PLT-02,MAT-103,Receipt,379.0,MT,GRN-5296
MOV-700298,2025-09-12,PLT-03,MAT-103,Receipt,301.0,MT,GRN-5297
MOV-700299,2025-08-18,PLT-06,MAT-103,Receipt,419.0,MT,GRN-5298
MOV-700300,2025-09-10,PLT-03,MAT-103,Receipt,596.0,MT,GRN-5299
MOV-700301,2025-08-22,PLT-03,MAT-104,Receipt,355.0,MT,GRN-5300
MOV-700302,2025-09-05,PLT-05,MAT-104,Receipt,538.0,MT,GRN-5301
MOV-700303,2025-09-04,PLT-03,MAT-104,Receipt,521.0,MT,GRN-5302
MOV-700304,2025-09-03,PLT-05,MAT-105,Receipt,355.0,MT,GRN-5303
MOV-700305,2025-09-14,PLT-03,MAT-105,Receipt,192.0,MT,GRN-5304
MOV-700306,2025-09-10,PLT-01,MAT-105,Receipt,590.0,MT,GRN-5305
MOV-700307,2025-09-04,PLT-04,MAT-102,Receipt,301.0,MT,GRN-5306
MOV-700308,2025-09-03,PLT-03,MAT-102,Receipt,229.0,MT,GRN-5307
MOV-700309,2025-08-21,PLT-03,MAT-102,Receipt,318.0,MT,GRN-5308
MOV-700310,2025-09-06,PLT-05,MAT-101,Receipt,445.0,MT,GRN-5309
MOV-700311,2025-09-06,PLT-02,MAT-101,Receipt,150.0,MT,GRN-5310
MOV-700312,2025-08-28,PLT-06,MAT-101,Receipt,375.0,MT,GRN-5311
MOV-700313,2025-08-31,PLT-05,MAT-101,Receipt,92.0,MT,GRN-5312
MOV-700314,2025-08-27,PLT-06,MAT-106,Receipt,434.0,MT,GRN-5313
MOV-700315,2025-09-09,PLT-06,MAT-106,Receipt,168.0,MT,GRN-5314
MOV-700316,2025-09-09,PLT-01,MAT-106,Receipt,119.0,MT,GRN-5315
MOV-700317,2025-09-04,PLT-03,MAT-108,Receipt,423.0,KG,GRN-5316
MOV-700318,2025-09-11,PLT-06,MAT-108,Receipt,1355.0,KG,GRN-5317
MOV-700319,2025-09-09,PLT-02,MAT-108,Receipt,807.0,KG,GRN-5318
MOV-700320,2025-09-05,PLT-05,MAT-107,Receipt,1350.0,KG,GRN-5319
MOV-700321,2025-09-11,PLT-04,MAT-103,Receipt,560.0,MT,GRN-5320
MOV-700322,2025-09-17,PLT-05,MAT-103,Receipt,576.0,MT,GRN-5321
MOV-700323,2025-09-07,PLT-03,MAT-103,Receipt,546.0,MT,GRN-5322
MOV-700324,2025-09-03,PLT-01,MAT-105,Receipt,119.0,MT,GRN-5323
MOV-700325,2025-08-27,PLT-02,MAT-105,Receipt,218.0,MT,GRN-5324
MOV-700326,2025-09-20,PLT-03,MAT-105,Receipt,312.0,MT,GRN-5325
MOV-700327,2025-09-06,PLT-05,MAT-110,Receipt,1467.0,KG,GRN-5326
MOV-700328,2025-08-31,PLT-04,MAT-109,Receipt,593.0,EA,GRN-5327
MOV-700329,2025-09-02,PLT-04,MAT-109,Receipt,591.0,EA,GRN-5328
MOV-700330,2025-09-16,PLT-02,MAT-101,Receipt,589.0,MT,GRN-5329
MOV-700331,2025-09-05,PLT-02,MAT-101,Receipt,430.0,MT,GRN-5330
MOV-700332,2025-08-30,PLT-01,MAT-101,Receipt,512.0,MT,GRN-5331
MOV-700333,2025-09-17,PLT-01,MAT-101,Receipt,191.0,MT,GRN-5332
MOV-700334,2025-09-07,PLT-03,MAT-104,Receipt,271.0,MT,GRN-5333
MOV-700335,2025-08-30,PLT-04,MAT-104,Receipt,187.0,MT,GRN-5334
MOV-700336,2025-09-29,PLT-04,MAT-101,Receipt,518.0,MT,GRN-5335
MOV-700337,2025-10-13,PLT-06,MAT-101,Receipt,287.0,MT,GRN-5336
MOV-700338,2025-10-16,PLT-06,MAT-101,Receipt,318.0,MT,GRN-5337
MOV-700339,2025-09-21,PLT-02,MAT-102,Receipt,84.0,MT,GRN-5338
MOV-700340,2025-10-05,PLT-04,MAT-102,Receipt,478.0,MT,GRN-5339
MOV-700341,2025-10-08,PLT-05,MAT-102,Receipt,460.0,MT,GRN-5340
MOV-700342,2025-09-26,PLT-06,MAT-103,Receipt,266.0,MT,GRN-5341
MOV-700343,2025-09-28,PLT-04,MAT-103,Receipt,450.0,MT,GRN-5342
MOV-700344,2025-10-03,PLT-05,MAT-103,Receipt,442.0,MT,GRN-5343
MOV-700345,2025-09-24,PLT-02,MAT-103,Receipt,503.0,MT,GRN-5344
MOV-700346,2025-09-18,PLT-04,MAT-104,Receipt,495.0,MT,GRN-5345
MOV-700347,2025-09-29,PLT-03,MAT-104,Receipt,312.0,MT,GRN-5346
MOV-700348,2025-10-13,PLT-01,MAT-104,Receipt,569.0,MT,GRN-5347
MOV-700349,2025-09-23,PLT-06,MAT-104,Receipt,582.0,MT,GRN-5348
MOV-700350,2025-10-02,PLT-02,MAT-105,Receipt,155.0,MT,GRN-5349
MOV-700351,2025-10-20,PLT-06,MAT-105,Receipt,96.0,MT,GRN-5350
MOV-700352,2025-10-12,PLT-06,MAT-105,Receipt,479.0,MT,GRN-5351
MOV-700353,2025-10-24,PLT-03,MAT-105,Receipt,390.0,MT,GRN-5352
MOV-700354,2025-10-14,PLT-03,MAT-102,Receipt,300.0,MT,GRN-5353
MOV-700355,2025-10-02,PLT-04,MAT-102,Receipt,88.0,MT,GRN-5354
MOV-700356,2025-10-07,PLT-04,MAT-101,Receipt,214.0,MT,GRN-5355
MOV-700357,2025-10-07,PLT-04,MAT-101,Receipt,223.0,MT,GRN-5356
MOV-700358,2025-10-03,PLT-02,MAT-101,Receipt,465.0,MT,GRN-5357
MOV-700359,2025-09-29,PLT-04,MAT-101,Receipt,109.0,MT,GRN-5358
MOV-700360,2025-10-04,PLT-06,MAT-106,Receipt,235.0,MT,GRN-5359
MOV-700361,2025-09-25,PLT-04,MAT-106,Receipt,487.0,MT,GRN-5360
MOV-700362,2025-09-19,PLT-06,MAT-108,Receipt,502.0,KG,GRN-5361
MOV-700363,2025-10-08,PLT-06,MAT-108,Receipt,862.0,KG,GRN-5362
MOV-700364,2025-10-06,PLT-06,MAT-107,Receipt,880.0,KG,GRN-5363
MOV-700365,2025-10-02,PLT-06,MAT-103,Receipt,269.0,MT,GRN-5364
MOV-700366,2025-10-02,PLT-01,MAT-103,Receipt,423.0,MT,GRN-5365
MOV-700367,2025-10-14,PLT-04,MAT-103,Receipt,405.0,MT,GRN-5366
MOV-700368,2025-10-03,PLT-06,MAT-105,Receipt,181.0,MT,GRN-5367
MOV-700369,2025-10-03,PLT-03,MAT-105,Receipt,279.0,MT,GRN-5368
MOV-700370,2025-09-29,PLT-02,MAT-105,Receipt,506.0,MT,GRN-5369
MOV-700371,2025-10-08,PLT-03,MAT-105,Receipt,438.0,MT,GRN-5370
MOV-700372,2025-09-29,PLT-04,MAT-110,Receipt,512.0,KG,GRN-5371
MOV-700373,2025-10-10,PLT-06,MAT-109,Receipt,192.0,EA,GRN-5372
MOV-700374,2025-10-02,PLT-02,MAT-109,Receipt,749.0,EA,GRN-5373
MOV-700375,2025-09-17,PLT-01,MAT-110,Receipt,701.0,KG,GRN-5374
MOV-700376,2025-09-28,PLT-04,MAT-101,Receipt,362.0,MT,GRN-5375
MOV-700377,2025-10-03,PLT-01,MAT-101,Receipt,357.0,MT,GRN-5376
MOV-700378,2025-09-29,PLT-02,MAT-101,Receipt,169.0,MT,GRN-5377
MOV-700379,2025-09-25,PLT-01,MAT-101,Receipt,308.0,MT,GRN-5378
MOV-700380,2025-10-09,PLT-02,MAT-104,Receipt,338.0,MT,GRN-5379
MOV-700381,2025-09-23,PLT-02,MAT-104,Receipt,275.0,MT,GRN-5380
MOV-700382,2025-10-21,PLT-06,MAT-104,Receipt,491.0,MT,GRN-5381
MOV-700383,2025-10-26,PLT-05,MAT-101,Receipt,132.0,MT,GRN-5382
MOV-700384,2025-10-25,PLT-06,MAT-101,Receipt,428.0,MT,GRN-5383
MOV-700385,2025-10-28,PLT-03,MAT-101,Receipt,215.0,MT,GRN-5384
MOV-700386,2025-11-08,PLT-03,MAT-101,Receipt,287.0,MT,GRN-5385
MOV-700387,2025-11-02,PLT-06,MAT-102,Receipt,506.0,MT,GRN-5386
MOV-700388,2025-11-02,PLT-04,MAT-102,Receipt,258.0,MT,GRN-5387
MOV-700389,2025-11-20,PLT-06,MAT-102,Receipt,508.0,MT,GRN-5388
MOV-700390,2025-11-08,PLT-05,MAT-102,Receipt,193000.0,MT,GRN-5389
MOV-700391,2025-10-29,PLT-03,MAT-103,Receipt,519.0,MT,GRN-5390
MOV-700392,2025-10-28,PLT-02,MAT-103,Receipt,206.0,MT,GRN-5391
MOV-700393,2025-11-07,PLT-03,MAT-104,Receipt,431.0,MT,GRN-5392
MOV-700394,2025-10-26,PLT-03,MAT-104,Receipt,382.0,MT,GRN-5393
MOV-700395,2025-11-04,PLT-05,MAT-104,Receipt,169.0,MT,GRN-5394
MOV-700396,2025-11-14,PLT-04,MAT-104,Receipt,137.0,MT,GRN-5395
MOV-700397,2025-11-07,PLT-01,MAT-105,Receipt,423.0,MT,GRN-5396
MOV-700398,2025-11-06,PLT-03,MAT-105,Receipt,104.0,MT,GRN-5397
MOV-700399,2025-10-27,PLT-05,MAT-105,Receipt,100.0,MT,GRN-5398
MOV-700400,2025-10-31,PLT-04,MAT-102,Receipt,270.0,MT,GRN-5399
MOV-700401,2025-10-26,PLT-04,MAT-102,Receipt,158.0,MT,GRN-5400
MOV-700402,2025-11-09,PLT-05,MAT-101,Receipt,588.0,MT,GRN-5401
MOV-700403,2025-11-06,PLT-05,MAT-101,Receipt,230.0,MT,GRN-5402
MOV-700404,2025-11-07,PLT-02,MAT-101,Receipt,454.0,MT,GRN-5403
MOV-700405,2025-10-22,PLT-06,MAT-101,Receipt,223.0,MT,GRN-5404
MOV-700406,2025-11-08,PLT-06,MAT-106,Receipt,311.0,MT,GRN-5405
MOV-700407,2025-10-30,PLT-01,MAT-106,Receipt,231.0,MT,GRN-5406
MOV-700408,2025-10-25,PLT-03,MAT-108,Receipt,378.0,KG,GRN-5407
MOV-700409,2025-11-08,PLT-03,MAT-107,Receipt,663.0,KG,GRN-5408
MOV-700410,2025-11-24,PLT-01,MAT-107,Receipt,423.0,KG,GRN-5409
MOV-700411,2025-11-08,PLT-04,MAT-108,Receipt,917.0,KG,GRN-5410
MOV-700412,2025-10-29,PLT-04,MAT-103,Receipt,413.0,MT,GRN-5411
MOV-700413,2025-10-28,PLT-01,MAT-103,Receipt,93.0,MT,GRN-5412
MOV-700414,2025-11-06,PLT-05,MAT-103,Receipt,385.0,MT,GRN-5413
MOV-700415,2025-11-03,PLT-02,MAT-105,Receipt,469.0,MT,GRN-5414
MOV-700416,2025-11-03,PLT-03,MAT-105,Receipt,397.0,MT,GRN-5415
MOV-700417,2025-10-21,PLT-04,MAT-105,Receipt,204.0,MT,GRN-5416
MOV-700418,2025-11-15,PLT-02,MAT-105,Receipt,551.0,MT,GRN-5417
MOV-700419,2025-10-26,PLT-02,MAT-110,Receipt,447.0,KG,GRN-5418
MOV-700420,2025-10-31,PLT-05,MAT-109,Receipt,530.0,EA,GRN-5419
MOV-700421,2025-11-09,PLT-03,MAT-109,Receipt,633.0,EA,GRN-5420
MOV-700422,2025-11-05,PLT-01,MAT-101,Receipt,286.0,MT,GRN-5421
MOV-700423,2025-11-06,PLT-05,MAT-101,Receipt,400.0,MT,GRN-5422
MOV-700424,2025-10-28,PLT-02,MAT-101,Receipt,243.0,MT,GRN-5423
MOV-700425,2025-10-31,PLT-02,MAT-104,Receipt,89.0,MT,GRN-5424
MOV-700426,2025-11-02,PLT-06,MAT-104,Receipt,290.0,MT,GRN-5425
MOV-700427,2025-11-03,PLT-05,MAT-104,Receipt,298.0,MT,GRN-5426
MOV-700428,2025-10-27,PLT-03,MAT-104,Receipt,492.0,MT,GRN-5427
MOV-700429,2025-12-04,PLT-02,MAT-101,Receipt,169.0,MT,GRN-5428
MOV-700430,2025-11-15,PLT-06,MAT-101,Receipt,363.0,MT,GRN-5429
MOV-700431,2025-12-06,PLT-03,MAT-101,Receipt,153.0,MT,GRN-5430
MOV-700432,2025-11-22,PLT-01,MAT-102,Receipt,209.0,MT,GRN-5431
MOV-700433,2025-12-05,PLT-05,MAT-102,Receipt,231.0,MT,GRN-5432
MOV-700434,2025-11-30,PLT-03,MAT-103,Receipt,483.0,MT,GRN-5433
MOV-700435,2025-12-14,PLT-01,MAT-103,Receipt,233.0,MT,GRN-5434
MOV-700436,2025-11-20,PLT-03,MAT-103,Receipt,128.0,MT,GRN-5435
MOV-700437,2025-12-11,PLT-06,MAT-104,Receipt,208.0,MT,GRN-5436
MOV-700438,2025-11-30,PLT-01,MAT-104,Receipt,413.0,MT,GRN-5437
MOV-700439,2025-11-23,PLT-06,MAT-104,Receipt,219.0,MT,GRN-5438
MOV-700440,2025-11-26,PLT-04,MAT-105,Receipt,209.0,MT,GRN-5439
MOV-700441,2025-12-05,PLT-05,MAT-105,Receipt,317.0,MT,GRN-5440
MOV-700442,2025-12-04,PLT-03,MAT-105,Receipt,150.0,MT,GRN-5441
MOV-700443,2025-11-18,PLT-05,MAT-102,Receipt,372.0,MT,GRN-5442
MOV-700444,2025-11-27,PLT-05,MAT-102,Receipt,582.0,MT,GRN-5443
MOV-700445,2025-11-21,PLT-03,MAT-102,Receipt,595.0,MT,GRN-5444
MOV-700446,2025-12-15,PLT-02,MAT-102,Receipt,471.0,MT,GRN-5445
MOV-700447,2025-12-17,PLT-02,MAT-101,Receipt,539.0,MT,GRN-5446
MOV-700448,2025-12-01,PLT-06,MAT-101,Receipt,373.0,MT,GRN-5447
MOV-700449,2025-12-21,PLT-06,MAT-106,Receipt,136.0,MT,GRN-5448
MOV-700450,2025-12-07,PLT-04,MAT-106,Receipt,104.0,MT,GRN-5449
MOV-700451,2025-12-01,PLT-02,MAT-108,Receipt,1449.0,KG,GRN-5450
MOV-700452,2025-11-14,PLT-03,MAT-107,Receipt,1409.0,KG,GRN-5451
MOV-700453,2025-12-05,PLT-01,MAT-103,Receipt,219.0,MT,GRN-5452
MOV-700454,2025-11-22,PLT-03,MAT-103,Receipt,329.0,MT,GRN-5453
MOV-700455,2025-11-29,PLT-06,MAT-103,Receipt,267.0,MT,GRN-5454
MOV-700456,2025-11-24,PLT-06,MAT-105,Receipt,257.0,MT,GRN-5455
MOV-700457,2025-12-16,PLT-04,MAT-105,Receipt,105.0,MT,GRN-5456
MOV-700458,2025-11-25,PLT-01,MAT-109,Receipt,296.0,EA,GRN-5457
MOV-700459,2025-12-03,PLT-05,MAT-110,Receipt,1328.0,KG,GRN-5458
MOV-700460,2025-12-13,PLT-03,MAT-109,Receipt,621.0,EA,GRN-5459
MOV-700461,2025-11-20,PLT-03,MAT-101,Receipt,388.0,MT,GRN-5460
MOV-700462,2025-12-03,PLT-04,MAT-101,Receipt,148.0,MT,GRN-5461
MOV-700463,2025-12-10,PLT-03,MAT-104,Receipt,278.0,MT,GRN-5462
MOV-700464,2025-12-07,PLT-01,MAT-104,Receipt,459.0,MT,GRN-5463
MOV-700465,2026-01-16,PLT-05,MAT-101,Receipt,123.0,MT,GRN-5464
MOV-700466,2025-12-17,PLT-05,MAT-101,Receipt,481.0,MT,GRN-5465
MOV-700467,2025-12-31,PLT-02,MAT-101,Receipt,404.0,MT,GRN-5466
MOV-700468,2026-01-04,PLT-06,MAT-101,Receipt,164.0,MT,GRN-5467
MOV-700469,2026-01-06,PLT-04,MAT-102,Receipt,385.0,MT,GRN-5468
MOV-700470,2026-01-18,PLT-01,MAT-102,Receipt,150.0,MT,GRN-5469
MOV-700471,2025-12-22,PLT-05,MAT-102,Receipt,98.0,MT,GRN-5470
MOV-700472,2026-01-01,PLT-04,MAT-102,Receipt,515.0,MT,GRN-5471
MOV-700473,2026-01-12,PLT-05,MAT-103,Receipt,401.0,MT,GRN-5472
MOV-700474,2026-01-17,PLT-06,MAT-103,Receipt,98.0,MT,GRN-5473
MOV-700475,2025-12-22,PLT-01,MAT-104,Receipt,283.0,MT,GRN-5474
MOV-700476,2026-01-02,PLT-06,MAT-104,Receipt,423.0,MT,GRN-5475
MOV-700477,2025-12-23,PLT-04,MAT-104,Receipt,400.0,MT,GRN-5476
MOV-700478,2025-12-18,PLT-03,MAT-105,Receipt,161.0,MT,GRN-5477
MOV-700479,2026-01-05,PLT-03,MAT-105,Receipt,468.0,MT,GRN-5478
MOV-700480,2025-12-17,PLT-04,MAT-105,Receipt,390.0,MT,GRN-5479
MOV-700481,2025-12-20,PLT-06,MAT-102,Receipt,187.0,MT,GRN-5480
MOV-700482,2025-12-30,PLT-02,MAT-102,Receipt,565.0,MT,GRN-5481
MOV-700483,2026-01-11,PLT-06,MAT-102,Receipt,153.0,MT,GRN-5482
MOV-700484,2026-01-06,PLT-01,MAT-102,Receipt,356000.0,MT,GRN-5483
MOV-700485,2026-01-01,PLT-05,MAT-101,Receipt,403.0,MT,GRN-5484
MOV-700486,2026-01-04,PLT-04,MAT-101,Receipt,427.0,MT,GRN-5485
MOV-700487,2025-12-20,PLT-05,MAT-106,Receipt,572.0,MT,GRN-5486
MOV-700488,2025-12-28,PLT-02,MAT-106,Receipt,168.0,MT,GRN-5487
MOV-700489,2026-01-08,PLT-02,MAT-106,Receipt,543.0,MT,GRN-5488
MOV-700490,2025-12-31,PLT-04,MAT-106,Receipt,414.0,MT,GRN-5489
MOV-700491,2026-01-16,PLT-04,MAT-108,Receipt,286.0,KG,GRN-5490
MOV-700492,2025-12-29,PLT-03,MAT-107,Receipt,1315.0,KG,GRN-5491
MOV-700493,2026-01-14,PLT-04,MAT-107,Receipt,353.0,KG,GRN-5492
MOV-700494,2026-01-03,PLT-06,MAT-107,Receipt,265.0,KG,GRN-5493
MOV-700495,2025-12-20,PLT-06,MAT-103,Receipt,505.0,MT,GRN-5494
MOV-700496,2026-01-13,PLT-01,MAT-103,Receipt,466.0,MT,GRN-5495
MOV-700497,2025-12-26,PLT-06,MAT-103,Receipt,317.0,MT,GRN-5496
MOV-700498,2025-12-28,PLT-03,MAT-105,Receipt,437.0,MT,GRN-5497
MOV-700499,2026-01-10,PLT-06,MAT-105,Receipt,527.0,MT,GRN-5498
MOV-700500,2025-12-26,PLT-05,MAT-105,Receipt,421.0,MT,GRN-5499
MOV-700501,2025-12-24,PLT-05,MAT-110,Receipt,1039.0,KG,GRN-5500
MOV-700502,2025-12-18,PLT-01,MAT-109,Receipt,764.0,EA,GRN-5501
MOV-700503,2026-01-14,PLT-05,MAT-101,Receipt,412.0,MT,GRN-5502
MOV-700504,2025-12-22,PLT-06,MAT-101,Receipt,571.0,MT,GRN-5503
MOV-700505,2026-01-13,PLT-02,MAT-101,Receipt,169.0,MT,GRN-5504
MOV-700506,2025-12-28,PLT-05,MAT-104,Receipt,107.0,MT,GRN-5505
MOV-700507,2025-12-17,PLT-03,MAT-104,Receipt,188.0,MT,GRN-5506
MOV-700508,2026-01-11,PLT-04,MAT-104,Receipt,463.0,MT,GRN-5507
MOV-700509,2025-01-15,PLT-01,MAT-102,Issue,-78.0,MT,
MOV-700510,2025-01-27,PLT-01,MAT-102,Issue,-122.0,MT,
MOV-700511,2025-01-19,PLT-01,MAT-103,Issue,-163.0,MT,
MOV-700512,2025-01-11,PLT-01,MAT-107,Issue,-153.0,KG,
MOV-700513,2025-01-18,PLT-01,MAT-107,Issue,-380.0,KG,
MOV-700514,2025-01-05,PLT-01,MAT-108,Issue,-225.0,KG,
MOV-700515,2025-01-05,PLT-02,MAT-102,Issue,-101.0,MT,
MOV-700516,2025-01-13,PLT-02,MAT-102,Issue,-94.0,MT,
MOV-700517,2025-01-20,PLT-02,MAT-102,Issue,-133.0,MT,
MOV-700518,2025-01-21,PLT-02,MAT-105,Issue,-77.0,MT,
MOV-700519,2025-01-07,PLT-02,MAT-105,Issue,-138.0,MT,
MOV-700520,2025-01-21,PLT-02,MAT-105,Issue,-56.0,MT,
MOV-700521,2025-01-23,PLT-02,MAT-106,Issue,-88.0,MT,
MOV-700522,2025-01-04,PLT-02,MAT-107,Issue,-193.0,KG,
MOV-700523,2025-01-10,PLT-02,MAT-108,Issue,-465.0,KG,
MOV-700524,2025-01-14,PLT-02,MAT-110,Issue,-242.0,KG,
MOV-700525,2025-01-24,PLT-02,MAT-110,Issue,-209.0,KG,
MOV-700526,2025-01-13,PLT-02,MAT-110,Issue,-110.0,KG,
MOV-700527,2025-01-14,PLT-02,MAT-111,Issue,-129.0,MT,
MOV-700528,2025-01-11,PLT-02,MAT-111,Issue,-63.0,MT,
MOV-700529,2025-01-07,PLT-03,MAT-102,Issue,-137.0,MT,
MOV-700530,2025-01-14,PLT-03,MAT-102,Issue,-22.0,MT,
MOV-700531,2025-01-25,PLT-03,MAT-102,Issue,-72.0,MT,
MOV-700532,2025-01-05,PLT-03,MAT-104,Issue,-30.0,MT,
MOV-700533,2025-01-19,PLT-03,MAT-109,Issue,-49.0,EA,
MOV-700534,2025-01-09,PLT-03,MAT-109,Issue,-130.0,EA,
MOV-700535,2025-01-10,PLT-03,MAT-109,Issue,-44.0,EA,
MOV-700536,2025-01-16,PLT-03,MAT-110,Issue,-407.0,KG,
MOV-700537,2025-01-09,PLT-03,MAT-110,Issue,-106.0,KG,
MOV-700538,2025-01-19,PLT-03,MAT-110,Issue,-246.0,KG,
MOV-700539,2025-01-16,PLT-03,MAT-112,Issue,-35.0,MT,
MOV-700540,2025-01-11,PLT-04,MAT-101,Issue,-136.0,MT,
MOV-700541,2025-01-14,PLT-04,MAT-102,Issue,-175.0,MT,
MOV-700542,2025-01-24,PLT-04,MAT-102,Issue,-116.0,MT,
MOV-700543,2025-01-19,PLT-04,MAT-102,Issue,-136.0,MT,
MOV-700544,2025-01-17,PLT-04,MAT-104,Issue,-149.0,MT,
MOV-700545,2025-01-15,PLT-04,MAT-104,Issue,-69.0,MT,
MOV-700546,2025-01-10,PLT-04,MAT-105,Issue,-91.0,MT,
MOV-700547,2025-01-24,PLT-04,MAT-105,Issue,-176.0,MT,
MOV-700548,2025-01-15,PLT-04,MAT-105,Issue,-169.0,MT,
MOV-700549,2025-01-23,PLT-04,MAT-107,Issue,-230.0,KG,
MOV-700550,2025-01-08,PLT-04,MAT-107,Issue,-168.0,KG,
MOV-700551,2025-01-20,PLT-05,MAT-101,Issue,-53.0,MT,
MOV-700552,2025-01-11,PLT-05,MAT-101,Issue,-139.0,MT,
MOV-700553,2025-01-04,PLT-05,MAT-102,Issue,-122.0,MT,
MOV-700554,2025-01-13,PLT-05,MAT-102,Issue,-152.0,MT,
MOV-700555,2025-01-26,PLT-05,MAT-102,Issue,-113.0,MT,
MOV-700556,2025-01-14,PLT-05,MAT-106,Issue,-43.0,MT,
MOV-700557,2025-01-27,PLT-05,MAT-107,Issue,-498.0,KG,
MOV-700558,2025-01-11,PLT-05,MAT-107,Issue,-287.0,KG,
MOV-700559,2025-01-18,PLT-05,MAT-107,Issue,-143.0,KG,
MOV-700560,2025-01-20,PLT-05,MAT-109,Issue,-97.0,EA,
MOV-700561,2025-01-26,PLT-05,MAT-109,Issue,-86.0,EA,
MOV-700562,2025-01-23,PLT-05,MAT-109,Issue,-156.0,EA,
MOV-700563,2025-01-26,PLT-05,MAT-110,Issue,-484.0,KG,
MOV-700564,2025-01-24,PLT-05,MAT-111,Issue,-63.0,MT,
MOV-700565,2025-01-14,PLT-05,MAT-111,Issue,-36.0,MT,
MOV-700566,2025-01-13,PLT-06,MAT-101,Issue,-65.0,MT,
MOV-700567,2025-01-06,PLT-06,MAT-101,Issue,-156.0,MT,
MOV-700568,2025-01-06,PLT-06,MAT-101,Issue,-118.0,MT,
MOV-700569,2025-01-15,PLT-06,MAT-102,Issue,-134.0,MT,
MOV-700570,2025-01-12,PLT-06,MAT-102,Issue,-106.0,MT,
MOV-700571,2025-01-04,PLT-06,MAT-103,Issue,-21.0,MT,
MOV-700572,2025-01-22,PLT-06,MAT-103,Issue,-77.0,MT,
MOV-700573,2025-01-14,PLT-06,MAT-103,Issue,-104.0,MT,
MOV-700574,2025-01-26,PLT-06,MAT-106,Issue,-179.0,MT,
MOV-700575,2025-01-26,PLT-06,MAT-106,Issue,-86.0,MT,
MOV-700576,2025-01-26,PLT-06,MAT-108,Issue,-370.0,KG,
MOV-700577,2025-01-23,PLT-06,MAT-109,Issue,-194.0,EA,
MOV-700578,2025-01-23,PLT-06,MAT-109,Issue,-72.0,EA,
MOV-700579,2025-01-25,PLT-06,MAT-110,Issue,-325.0,KG,
MOV-700580,2025-01-21,PLT-06,MAT-112,Issue,-95.0,MT,
MOV-700581,2025-01-11,PLT-06,MAT-112,Issue,-58.0,MT,
MOV-700582,2025-02-25,PLT-01,MAT-101,Issue,-131.0,MT,
MOV-700583,2025-02-10,PLT-01,MAT-101,Issue,-147.0,MT,
MOV-700584,2025-02-16,PLT-01,MAT-102,Issue,-55.0,MT,
MOV-700585,2025-02-23,PLT-01,MAT-102,Issue,-93.0,MT,
MOV-700586,2025-02-18,PLT-01,MAT-110,Issue,-232.0,KG,
MOV-700587,2025-02-18,PLT-01,MAT-110,Issue,-136.0,KG,
MOV-700588,2025-02-21,PLT-01,MAT-110,Issue,-354.0,KG,
MOV-700589,2025-02-15,PLT-01,MAT-112,Issue,-52.0,MT,
MOV-700590,2025-02-10,PLT-01,MAT-112,Issue,-179.0,MT,
MOV-700591,2025-02-04,PLT-02,MAT-101,Issue,-139.0,MT,
MOV-700592,2025-02-21,PLT-02,MAT-101,Issue,-172.0,MT,
MOV-700593,2025-02-17,PLT-02,MAT-103,Issue,-146.0,MT,
MOV-700594,2025-02-08,PLT-02,MAT-103,Issue,-35.0,MT,
MOV-700595,2025-02-09,PLT-02,MAT-103,Issue,-31.0,MT,
MOV-700596,2025-02-10,PLT-02,MAT-104,Issue,-153.0,MT,
MOV-700597,2025-02-22,PLT-02,MAT-105,Issue,-80.0,MT,
MOV-700598,2025-02-14,PLT-02,MAT-107,Issue,-200.0,KG,
MOV-700599,2025-02-27,PLT-02,MAT-107,Issue,-334.0,KG,
MOV-700600,2025-02-17,PLT-02,MAT-112,Issue,-43.0,MT,
MOV-700601,2025-02-26,PLT-02,MAT-112,Issue,-51.0,MT,
MOV-700602,2025-02-04,PLT-03,MAT-102,Issue,-83.0,MT,
MOV-700603,2025-02-20,PLT-03,MAT-103,Issue,-177.0,MT,
MOV-700604,2025-02-04,PLT-03,MAT-103,Issue,-30.0,MT,
MOV-700605,2025-02-24,PLT-03,MAT-104,Issue,-166.0,MT,
MOV-700606,2025-02-12,PLT-03,MAT-104,Issue,-120.0,MT,
MOV-700607,2025-02-13,PLT-03,MAT-105,Issue,-149.0,MT,
MOV-700608,2025-02-21,PLT-03,MAT-105,Issue,-151.0,MT,
MOV-700609,2025-02-12,PLT-03,MAT-107,Issue,-273.0,KG,
MOV-700610,2025-02-09,PLT-03,MAT-107,Issue,-218.0,KG,
MOV-700611,2025-02-24,PLT-03,MAT-107,Issue,-477.0,KG,
MOV-700612,2025-02-13,PLT-03,MAT-109,Issue,-186.0,EA,
MOV-700613,2025-02-15,PLT-03,MAT-109,Issue,-58.0,EA,
MOV-700614,2025-02-26,PLT-03,MAT-109,Issue,-190.0,EA,
MOV-700615,2025-02-22,PLT-03,MAT-110,Issue,-385.0,KG,
MOV-700616,2025-02-14,PLT-03,MAT-110,Issue,-339.0,KG,
MOV-700617,2025-02-27,PLT-04,MAT-101,Issue,-165.0,MT,
MOV-700618,2025-02-07,PLT-04,MAT-102,Issue,-86.0,MT,
MOV-700619,2025-02-13,PLT-04,MAT-102,Issue,-85.0,MT,
MOV-700620,2025-02-08,PLT-04,MAT-103,Issue,-175.0,MT,
MOV-700621,2025-02-12,PLT-04,MAT-112,Issue,-43.0,MT,
MOV-700622,2025-02-13,PLT-04,MAT-112,Issue,-95.0,MT,
MOV-700623,2025-02-09,PLT-04,MAT-112,Issue,-143.0,MT,
MOV-700624,2025-02-23,PLT-05,MAT-101,Issue,-135.0,MT,
MOV-700625,2025-02-19,PLT-05,MAT-101,Issue,-43.0,MT,
MOV-700626,2025-02-23,PLT-05,MAT-101,Issue,-72.0,MT,
MOV-700627,2025-02-03,PLT-05,MAT-102,Issue,-49.0,MT,
MOV-700628,2025-02-26,PLT-05,MAT-103,Issue,-56.0,MT,
MOV-700629,2025-02-09,PLT-05,MAT-103,Issue,-111.0,MT,
MOV-700630,2025-02-07,PLT-05,MAT-105,Issue,-151.0,MT,
MOV-700631,2025-02-26,PLT-05,MAT-105,Issue,-26.0,MT,
MOV-700632,2025-02-11,PLT-05,MAT-107,Issue,-162.0,KG,
MOV-700633,2025-02-12,PLT-05,MAT-107,Issue,-402.0,KG,
MOV-700634,2025-02-24,PLT-05,MAT-107,Issue,-369.0,KG,
MOV-700635,2025-02-17,PLT-05,MAT-108,Issue,-289.0,KG,
MOV-700636,2025-02-13,PLT-05,MAT-110,Issue,-482.0,KG,
MOV-700637,2025-02-24,PLT-05,MAT-110,Issue,-415.0,KG,
MOV-700638,2025-02-22,PLT-06,MAT-101,Issue,-142.0,MT,
MOV-700639,2025-02-17,PLT-06,MAT-101,Issue,-157.0,MT,
MOV-700640,2025-02-23,PLT-06,MAT-101,Issue,-22.0,MT,
MOV-700641,2025-02-07,PLT-06,MAT-103,Issue,-126.0,MT,
MOV-700642,2025-02-13,PLT-06,MAT-103,Issue,-142.0,MT,
MOV-700643,2025-02-02,PLT-06,MAT-104,Issue,-120.0,MT,
MOV-700644,2025-02-16,PLT-06,MAT-104,Issue,-25.0,MT,
MOV-700645,2025-02-02,PLT-06,MAT-105,Issue,-52.0,MT,
MOV-700646,2025-02-06,PLT-06,MAT-105,Issue,-36.0,MT,
MOV-700647,2025-02-26,PLT-06,MAT-105,Issue,-61.0,MT,
MOV-700648,2025-02-23,PLT-06,MAT-108,Issue,-321.0,KG,
MOV-700649,2025-02-25,PLT-06,MAT-110,Issue,-357.0,KG,
MOV-700650,2025-02-17,PLT-06,MAT-110,Issue,-374.0,KG,
MOV-700651,2025-02-09,PLT-06,MAT-111,Issue,-73.0,MT,
MOV-700652,2025-02-09,PLT-06,MAT-111,Issue,-53.0,MT,
MOV-700653,2025-02-02,PLT-06,MAT-112,Issue,-129.0,MT,
MOV-700654,2025-03-14,PLT-01,MAT-103,Issue,-168.0,MT,
MOV-700655,2025-03-26,PLT-01,MAT-105,Issue,-160.0,MT,
MOV-700656,2025-03-26,PLT-01,MAT-105,Issue,-65.0,MT,
MOV-700657,2025-03-10,PLT-01,MAT-105,Issue,-132.0,MT,
MOV-700658,2025-03-05,PLT-01,MAT-109,Issue,-75.0,EA,
MOV-700659,2025-03-09,PLT-01,MAT-109,Issue,-137.0,EA,
MOV-700660,2025-03-07,PLT-02,MAT-101,Issue,-106.0,MT,
MOV-700661,2025-03-17,PLT-02,MAT-101,Issue,-154.0,MT,
MOV-700662,2025-03-25,PLT-02,MAT-101,Issue,-77.0,MT,
MOV-700663,2025-03-24,PLT-02,MAT-102,Issue,-125.0,MT,
MOV-700664,2025-03-09,PLT-02,MAT-102,Issue,-117.0,MT,
MOV-700665,2025-03-05,PLT-02,MAT-102,Issue,-108.0,MT,
MOV-700666,2025-03-16,PLT-02,MAT-106,Issue,-52.0,MT,
MOV-700667,2025-03-13,PLT-02,MAT-106,Issue,-120.0,MT,
MOV-700668,2025-03-09,PLT-02,MAT-106,Issue,-131.0,MT,
MOV-700669,2025-03-22,PLT-02,MAT-107,Issue,-110.0,KG,
MOV-700670,2025-03-12,PLT-02,MAT-107,Issue,-468.0,KG,
MOV-700671,2025-03-12,PLT-02,MAT-107,Issue,-450.0,KG,
MOV-700672,2025-03-07,PLT-02,MAT-108,Issue,-141.0,KG,
MOV-700673,2025-03-08,PLT-02,MAT-108,Issue,-198.0,KG,
MOV-700674,2025-03-09,PLT-02,MAT-108,Issue,-170.0,KG,
MOV-700675,2025-03-13,PLT-02,MAT-109,Issue,-145.0,EA,
MOV-700676,2025-03-17,PLT-02,MAT-109,Issue,-125.0,EA,
MOV-700677,2025-03-19,PLT-02,MAT-111,Issue,-39.0,MT,
MOV-700678,2025-03-17,PLT-02,MAT-111,Issue,-38.0,MT,
MOV-700679,2025-03-05,PLT-03,MAT-101,Issue,-109.0,MT,
MOV-700680,2025-03-08,PLT-03,MAT-106,Issue,-165.0,MT,
MOV-700681,2025-03-21,PLT-03,MAT-107,Issue,-289.0,KG,
MOV-700682,2025-03-09,PLT-03,MAT-107,Issue,-175.0,KG,
MOV-700683,2025-03-27,PLT-03,MAT-107,Issue,-494.0,KG,
MOV-700684,2025-03-07,PLT-03,MAT-108,Issue,-212.0,KG,
MOV-700685,2025-03-23,PLT-03,MAT-111,Issue,-27.0,MT,
MOV-700686,2025-03-20,PLT-03,MAT-111,Issue,-97.0,MT,
MOV-700687,2025-03-23,PLT-03,MAT-112,Issue,-123.0,MT,
MOV-700688,2025-03-23,PLT-03,MAT-112,Issue,-53.0,MT,
MOV-700689,2025-03-18,PLT-03,MAT-112,Issue,-81.0,MT,
MOV-700690,2025-03-26,PLT-04,MAT-101,Issue,-150.0,MT,
MOV-700691,2025-03-18,PLT-04,MAT-101,Issue,-63.0,MT,
MOV-700692,2025-03-11,PLT-04,MAT-102,Issue,-118.0,MT,
MOV-700693,2025-03-14,PLT-04,MAT-102,Issue,-127.0,MT,
MOV-700694,2025-03-18,PLT-04,MAT-102,Issue,-179.0,MT,
MOV-700695,2025-03-10,PLT-04,MAT-103,Issue,-53.0,MT,
MOV-700696,2025-03-09,PLT-04,MAT-103,Issue,-123.0,MT,
MOV-700697,2025-03-20,PLT-04,MAT-103,Issue,-86.0,MT,
MOV-700698,2025-03-08,PLT-04,MAT-107,Issue,-475.0,KG,
MOV-700699,2025-03-08,PLT-04,MAT-107,Issue,-390.0,KG,
MOV-700700,2025-03-18,PLT-04,MAT-107,Issue,-372.0,KG,
MOV-700701,2025-03-08,PLT-04,MAT-111,Issue,-141.0,MT,
MOV-700702,2025-03-10,PLT-04,MAT-111,Issue,-31.0,MT,
MOV-700703,2025-03-06,PLT-04,MAT-112,Issue,-107.0,MT,
MOV-700704,2025-03-13,PLT-04,MAT-112,Issue,-53.0,MT,
MOV-700705,2025-03-14,PLT-05,MAT-101,Issue,-50.0,MT,
MOV-700706,2025-03-16,PLT-05,MAT-101,Issue,-76.0,MT,
MOV-700707,2025-03-14,PLT-05,MAT-104,Issue,-56.0,MT,
MOV-700708,2025-03-13,PLT-05,MAT-104,Issue,-143.0,MT,
MOV-700709,2025-03-09,PLT-05,MAT-104,Issue,-96.0,MT,
MOV-700710,2025-03-27,PLT-05,MAT-105,Issue,-90.0,MT,
MOV-700711,2025-03-12,PLT-05,MAT-105,Issue,-176.0,MT,
MOV-700712,2025-03-07,PLT-05,MAT-106,Issue,-132.0,MT,
MOV-700713,2025-03-08,PLT-05,MAT-106,Issue,-172.0,MT,
MOV-700714,2025-03-19,PLT-05,MAT-107,Issue,-171.0,KG,
MOV-700715,2025-03-02,PLT-05,MAT-107,Issue,-436.0,KG,
MOV-700716,2025-03-05,PLT-05,MAT-112,Issue,-173.0,MT,
MOV-700717,2025-03-23,PLT-05,MAT-112,Issue,-172.0,MT,
MOV-700718,2025-03-23,PLT-06,MAT-103,Issue,-108.0,MT,
MOV-700719,2025-03-15,PLT-06,MAT-106,Issue,-163.0,MT,
MOV-700720,2025-03-26,PLT-06,MAT-109,Issue,-85.0,EA,
MOV-700721,2025-03-16,PLT-06,MAT-109,Issue,-169.0,EA,
MOV-700722,2025-03-15,PLT-06,MAT-109,Issue,-160.0,EA,
MOV-700723,2025-03-25,PLT-06,MAT-112,Issue,-86.0,MT,
MOV-700724,2025-03-18,PLT-06,MAT-112,Issue,-113.0,MT,
MOV-700725,2025-04-09,PLT-01,MAT-102,Issue,-104.0,MT,
MOV-700726,2025-04-03,PLT-01,MAT-104,Issue,-93.0,MT,
MOV-700727,2025-04-24,PLT-01,MAT-105,Issue,-42.0,MT,
MOV-700728,2025-04-07,PLT-01,MAT-105,Issue,-84.0,MT,
MOV-700729,2025-04-23,PLT-01,MAT-105,Issue,-124.0,MT,
MOV-700730,2025-04-25,PLT-01,MAT-107,Issue,-332.0,KG,
MOV-700731,2025-04-02,PLT-01,MAT-107,Issue,-381.0,KG,
MOV-700732,2025-04-27,PLT-01,MAT-107,Issue,-347.0,KG,
MOV-700733,2025-04-12,PLT-01,MAT-108,Issue,-131.0,KG,
MOV-700734,2025-04-02,PLT-01,MAT-108,Issue,-225.0,KG,
MOV-700735,2025-04-27,PLT-01,MAT-108,Issue,-280.0,KG,
MOV-700736,2025-04-10,PLT-01,MAT-109,Issue,-149.0,EA,
MOV-700737,2025-04-12,PLT-01,MAT-110,Issue,-277.0,KG,
MOV-700738,2025-04-25,PLT-01,MAT-110,Issue,-282.0,KG,
MOV-700739,2025-04-14,PLT-01,MAT-110,Issue,-171.0,KG,
MOV-700740,2025-04-08,PLT-01,MAT-112,Issue,-162.0,MT,
MOV-700741,2025-04-21,PLT-01,MAT-112,Issue,-124.0,MT,
MOV-700742,2025-04-20,PLT-02,MAT-107,Issue,-292.0,KG,
MOV-700743,2025-04-25,PLT-02,MAT-108,Issue,-462.0,KG,
MOV-700744,2025-04-02,PLT-02,MAT-109,Issue,-116.0,EA,
MOV-700745,2025-04-25,PLT-02,MAT-109,Issue,-43.0,EA,
MOV-700746,2025-04-14,PLT-02,MAT-110,Issue,-284.0,KG,
MOV-700747,2025-04-23,PLT-02,MAT-110,Issue,-273.0,KG,
MOV-700748,2025-04-07,PLT-02,MAT-110,Issue,-154.0,KG,
MOV-700749,2025-04-27,PLT-02,MAT-112,Issue,-73.0,MT,
MOV-700750,2025-04-11,PLT-03,MAT-102,Issue,-161.0,MT,
MOV-700751,2025-04-11,PLT-03,MAT-102,Issue,-113.0,MT,
MOV-700752,2025-04-25,PLT-03,MAT-104,Issue,-141.0,MT,
MOV-700753,2025-04-10,PLT-03,MAT-110,Issue,-132.0,KG,
MOV-700754,2025-04-08,PLT-04,MAT-107,Issue,-464.0,KG,
MOV-700755,2025-04-06,PLT-04,MAT-107,Issue,-416.0,KG,
MOV-700756,2025-04-09,PLT-04,MAT-107,Issue,-240.0,KG,
MOV-700757,2025-04-12,PLT-04,MAT-108,Issue,-211.0,KG,
MOV-700758,2025-04-05,PLT-04,MAT-108,Issue,-168.0,KG,
MOV-700759,2025-04-17,PLT-04,MAT-109,Issue,-47.0,EA,
MOV-700760,2025-04-04,PLT-04,MAT-109,Issue,-84.0,EA,
MOV-700761,2025-04-16,PLT-04,MAT-110,Issue,-404.0,KG,
MOV-700762,2025-04-08,PLT-04,MAT-112,Issue,-75.0,MT,
MOV-700763,2025-04-10,PLT-04,MAT-112,Issue,-153.0,MT,
MOV-700764,2025-04-10,PLT-04,MAT-112,Issue,-79.0,MT,
MOV-700765,2025-04-06,PLT-05,MAT-101,Issue,-50.0,MT,
MOV-700766,2025-04-27,PLT-05,MAT-101,Issue,-33.0,MT,
MOV-700767,2025-04-05,PLT-05,MAT-102,Issue,-67.0,MT,
MOV-700768,2025-04-05,PLT-05,MAT-102,Issue,-70.0,MT,
MOV-700769,2025-04-19,PLT-05,MAT-105,Issue,-20.0,MT,
MOV-700770,2025-04-02,PLT-05,MAT-105,Issue,-34.0,MT,
MOV-700771,2025-04-21,PLT-05,MAT-105,Issue,-157.0,MT,
MOV-700772,2025-04-17,PLT-05,MAT-106,Issue,-52.0,MT,
MOV-700773,2025-04-11,PLT-05,MAT-106,Issue,-103.0,MT,
MOV-700774,2025-04-12,PLT-05,MAT-110,Issue,-448.0,KG,
MOV-700775,2025-04-10,PLT-06,MAT-104,Issue,-29.0,MT,
MOV-700776,2025-04-14,PLT-06,MAT-104,Issue,-78.0,MT,
MOV-700777,2025-04-18,PLT-06,MAT-104,Issue,-39.0,MT,
MOV-700778,2025-04-04,PLT-06,MAT-107,Issue,-294.0,KG,
MOV-700779,2025-04-23,PLT-06,MAT-108,Issue,-321.0,KG,
MOV-700780,2025-04-03,PLT-06,MAT-108,Issue,-185.0,KG,
MOV-700781,2025-04-09,PLT-06,MAT-888,Issue,-34.0,EA,
MOV-700782,2025-04-15,PLT-06,MAT-110,Issue,-193.0,KG,
MOV-700783,2025-04-16,PLT-06,MAT-110,Issue,-218.0,KG,
MOV-700784,2025-04-26,PLT-06,MAT-112,Issue,-93.0,MT,
MOV-700785,2025-04-10,PLT-06,MAT-112,Issue,-129.0,MT,
MOV-700786,2025-05-05,PLT-01,MAT-103,Issue,-109.0,MT,
MOV-700787,2025-05-08,PLT-01,MAT-103,Issue,-164.0,MT,
MOV-700788,2025-05-26,PLT-01,MAT-106,Issue,-123.0,MT,
MOV-700789,2025-05-08,PLT-01,MAT-106,Issue,-173.0,MT,
MOV-700790,2025-05-27,PLT-01,MAT-107,Issue,-126.0,KG,
MOV-700791,2025-05-26,PLT-01,MAT-107,Issue,-273.0,KG,
MOV-700792,2025-05-10,PLT-01,MAT-107,Issue,-156.0,KG,
MOV-700793,2025-05-03,PLT-01,MAT-109,Issue,-131.0,EA,
MOV-700794,2025-05-03,PLT-01,MAT-109,Issue,-141.0,EA,
MOV-700795,2025-05-11,PLT-01,MAT-111,Issue,-151.0,MT,
MOV-700796,2025-05-15,PLT-01,MAT-112,Issue,-57.0,MT,
MOV-700797,2025-05-18,PLT-01,MAT-112,Issue,-94.0,MT,
MOV-700798,2025-05-04,PLT-01,MAT-112,Issue,-48.0,MT,
MOV-700799,2025-05-09,PLT-02,MAT-103,Issue,-147.0,MT,
MOV-700800,2025-05-26,PLT-02,MAT-103,Issue,-38.0,MT,
MOV-700801,2025-05-13,PLT-02,MAT-104,Issue,-105.0,MT,
MOV-700802,2025-05-15,PLT-02,MAT-104,Issue,-28.0,MT,
MOV-700803,2025-05-22,PLT-02,MAT-104,Issue,-158.0,MT,
MOV-700804,2025-05-12,PLT-02,MAT-105,Issue,-155.0,MT,
MOV-700805,2025-05-13,PLT-02,MAT-105,Issue,-121.0,MT,
MOV-700806,2025-05-22,PLT-02,MAT-106,Issue,-103.0,MT,
MOV-700807,2025-05-14,PLT-02,MAT-106,Issue,-144.0,MT,
MOV-700808,2025-05-13,PLT-02,MAT-106,Issue,-92.0,MT,
MOV-700809,2025-05-11,PLT-02,MAT-107,Issue,-118.0,KG,
MOV-700810,2025-05-20,PLT-02,MAT-107,Issue,-290.0,KG,
MOV-700811,2025-05-23,PLT-02,MAT-110,Issue,-280.0,KG,
MOV-700812,2025-05-17,PLT-02,MAT-110,Issue,-222.0,KG,
MOV-700813,2025-05-14,PLT-02,MAT-112,Issue,-66.0,MT,
MOV-700814,2025-05-03,PLT-02,MAT-112,Issue,-62.0,MT,
MOV-700815,2025-05-17,PLT-03,MAT-102,Issue,-78.0,MT,
MOV-700816,2025-05-12,PLT-03,MAT-102,Issue,-68.0,MT,
MOV-700817,2025-05-19,PLT-03,MAT-103,Issue,-111.0,MT,
MOV-700818,2025-05-02,PLT-03,MAT-103,Issue,-64.0,MT,
MOV-700819,2025-05-21,PLT-03,MAT-103,Issue,-65.0,MT,
MOV-700820,2025-05-26,PLT-03,MAT-105,Issue,-71.0,MT,
MOV-700821,2025-05-20,PLT-03,MAT-105,Issue,-85.0,MT,
MOV-700822,2025-05-02,PLT-03,MAT-105,Issue,-91.0,MT,
MOV-700823,2025-05-26,PLT-03,MAT-108,Issue,-351.0,KG,
MOV-700824,2025-05-16,PLT-03,MAT-109,Issue,-121.0,EA,
MOV-700825,2025-05-10,PLT-03,MAT-111,Issue,-101.0,MT,
MOV-700826,2025-05-18,PLT-03,MAT-111,Issue,-130.0,MT,
MOV-700827,2025-05-12,PLT-03,MAT-111,Issue,-132.0,MT,
MOV-700828,2025-05-16,PLT-03,MAT-112,Issue,-130.0,MT,
MOV-700829,2025-05-27,PLT-04,MAT-104,Issue,-149.0,MT,
MOV-700830,2025-05-22,PLT-04,MAT-104,Issue,-163.0,MT,
MOV-700831,2025-05-20,PLT-04,MAT-104,Issue,-83.0,MT,
MOV-700832,2025-05-20,PLT-04,MAT-105,Issue,-156.0,MT,
MOV-700833,2025-05-24,PLT-04,MAT-105,Issue,-128.0,MT,
MOV-700834,2025-05-25,PLT-04,MAT-106,Issue,-147.0,MT,
MOV-700835,2025-05-13,PLT-04,MAT-108,Issue,-269.0,KG,
MOV-700836,2025-05-21,PLT-04,MAT-109,Issue,-168.0,EA,
MOV-700837,2025-05-19,PLT-04,MAT-111,Issue,-108.0,MT,
MOV-700838,2025-05-18,PLT-04,MAT-111,Issue,-33.0,MT,
MOV-700839,2025-05-04,PLT-05,MAT-101,Issue,-166.0,MT,
MOV-700840,2025-05-15,PLT-05,MAT-104,Issue,-20.0,MT,
MOV-700841,2025-05-17,PLT-05,MAT-104,Issue,-109.0,MT,
MOV-700842,2025-05-24,PLT-05,MAT-105,Issue,-162.0,MT,
MOV-700843,2025-05-03,PLT-05,MAT-105,Issue,-149.0,MT,
MOV-700844,2025-05-04,PLT-05,MAT-105,Issue,-91.0,MT,
MOV-700845,2025-05-11,PLT-05,MAT-106,Issue,-112.0,MT,
MOV-700846,2025-05-18,PLT-05,MAT-107,Issue,-416.0,KG,
MOV-700847,2025-05-14,PLT-05,MAT-109,Issue,-171.0,EA,
MOV-700848,2025-05-14,PLT-05,MAT-109,Issue,-34.0,EA,
MOV-700849,2025-05-11,PLT-05,MAT-109,Issue,-92.0,EA,
MOV-700850,2025-05-18,PLT-05,MAT-110,Issue,-217.0,KG,
MOV-700851,2025-05-07,PLT-05,MAT-112,Issue,-89.0,MT,
MOV-700852,2025-05-15,PLT-05,MAT-112,Issue,-138.0,MT,
MOV-700853,2025-05-21,PLT-05,MAT-112,Issue,-98.0,MT,
MOV-700854,2025-05-06,PLT-06,MAT-103,Issue,-138.0,MT,
MOV-700855,2025-05-16,PLT-06,MAT-103,Issue,-71.0,MT,
MOV-700856,2025-05-13,PLT-06,MAT-103,Issue,-87.0,MT,
MOV-700857,2025-05-14,PLT-06,MAT-105,Issue,-80.0,MT,
MOV-700858,2025-05-23,PLT-06,MAT-105,Issue,-171.0,MT,
MOV-700859,2025-05-17,PLT-06,MAT-105,Issue,-41.0,MT,
MOV-700860,2025-05-27,PLT-06,MAT-107,Issue,-405.0,KG,
MOV-700861,2025-05-08,PLT-06,MAT-107,Issue,-367.0,KG,
MOV-700862,2025-05-14,PLT-06,MAT-108,Issue,-366.0,KG,
MOV-700863,2025-05-04,PLT-06,MAT-109,Issue,-83.0,EA,
MOV-700864,2025-05-21,PLT-06,MAT-109,Issue,-182.0,EA,
MOV-700865,2025-05-14,PLT-06,MAT-110,Issue,-367.0,KG,
MOV-700866,2025-05-20,PLT-06,MAT-110,Issue,-302.0,KG,
MOV-700867,2025-05-15,PLT-06,MAT-111,Issue,-166.0,MT,
MOV-700868,2025-05-16,PLT-06,MAT-111,Issue,-153.0,MT,
MOV-700869,2025-05-06,PLT-06,MAT-111,Issue,-117.0,MT,
MOV-700870,2025-06-25,PLT-01,MAT-102,Issue,-97.0,MT,
MOV-700871,2025-06-13,PLT-01,MAT-103,Issue,-70.0,MT,
MOV-700872,2025-06-27,PLT-01,MAT-103,Issue,-43.0,MT,
MOV-700873,2025-06-15,PLT-01,MAT-103,Issue,-139.0,MT,
MOV-700874,2025-06-05,PLT-01,MAT-104,Issue,-63.0,MT,
MOV-700875,2025-06-26,PLT-01,MAT-105,Issue,-86.0,MT,
MOV-700876,2025-06-26,PLT-01,MAT-105,Issue,-108.0,MT,
MOV-700877,2025-06-26,PLT-01,MAT-106,Issue,-165.0,MT,
MOV-700878,2025-06-17,PLT-01,MAT-106,Issue,-122.0,MT,
MOV-700879,2025-06-06,PLT-01,MAT-106,Issue,-70.0,MT,
MOV-700880,2025-06-27,PLT-01,MAT-108,Issue,-217.0,KG,
MOV-700881,2025-06-15,PLT-01,MAT-108,Issue,-365.0,KG,
MOV-700882,2025-06-24,PLT-01,MAT-108,Issue,-259.0,KG,
MOV-700883,2025-06-10,PLT-01,MAT-110,Issue,-362.0,KG,
MOV-700884,2025-06-26,PLT-01,MAT-110,Issue,-323.0,KG,
MOV-700885,2025-06-16,PLT-01,MAT-111,Issue,-129.0,MT,
MOV-700886,2025-06-23,PLT-01,MAT-112,Issue,-111.0,MT,
MOV-700887,2025-06-11,PLT-01,MAT-112,Issue,-23.0,MT,
MOV-700888,2025-06-08,PLT-02,MAT-102,Issue,-143000.0,MT,
MOV-700889,2025-06-04,PLT-02,MAT-103,Issue,-137.0,MT,
MOV-700890,2025-06-17,PLT-02,MAT-104,Issue,-119.0,MT,
MOV-700891,2025-06-06,PLT-02,MAT-104,Issue,-110.0,MT,
MOV-700892,2025-06-23,PLT-02,MAT-108,Issue,-153.0,KG,
MOV-700893,2025-06-18,PLT-02,MAT-108,Issue,-190.0,KG,
MOV-700894,2025-06-23,PLT-02,MAT-112,Issue,-75.0,MT,
MOV-700895,2025-06-08,PLT-03,MAT-106,Issue,-67.0,MT,
MOV-700896,2025-06-22,PLT-03,MAT-106,Issue,-79.0,MT,
MOV-700897,2025-06-07,PLT-03,MAT-107,Issue,-489.0,KG,
MOV-700898,2025-06-10,PLT-03,MAT-108,Issue,-136.0,KG,
MOV-700899,2025-06-16,PLT-03,MAT-109,Issue,-31.0,EA,
MOV-700900,2025-06-26,PLT-03,MAT-110,Issue,-336.0,KG,
MOV-700901,2025-06-11,PLT-03,MAT-110,Issue,-128.0,KG,
MOV-700902,2025-06-15,PLT-04,MAT-101,Issue,-80.0,MT,
MOV-700903,2025-06-12,PLT-04,MAT-103,Issue,-76.0,MT,
MOV-700904,2025-06-06,PLT-04,MAT-103,Issue,-65.0,MT,
MOV-700905,2025-06-02,PLT-04,MAT-103,Issue,-99.0,MT,
MOV-700906,2025-06-17,PLT-04,MAT-105,Issue,-113.0,MT,
MOV-700907,2025-06-25,PLT-04,MAT-105,Issue,-107.0,MT,
MOV-700908,2025-06-16,PLT-04,MAT-106,Issue,-113.0,MT,
MOV-700909,2025-06-27,PLT-04,MAT-107,Issue,-298.0,KG,
MOV-700910,2025-06-14,PLT-04,MAT-108,Issue,-125.0,KG,
MOV-700911,2025-06-12,PLT-04,MAT-112,Issue,-131.0,MT,
MOV-700912,2025-06-24,PLT-04,MAT-112,Issue,-146.0,MT,
MOV-700913,2025-06-04,PLT-04,MAT-112,Issue,-124.0,MT,
MOV-700914,2025-06-06,PLT-05,MAT-101,Issue,-65.0,MT,
MOV-700915,2025-06-05,PLT-05,MAT-101,Issue,-99.0,MT,
MOV-700916,2025-06-26,PLT-05,MAT-101,Issue,-166.0,MT,
MOV-700917,2025-06-24,PLT-05,MAT-102,Issue,-77.0,MT,
MOV-700918,2025-06-02,PLT-05,MAT-102,Issue,-119.0,MT,
MOV-700919,2025-06-10,PLT-05,MAT-103,Issue,-163.0,MT,
MOV-700920,2025-06-11,PLT-05,MAT-104,Issue,-76.0,MT,
MOV-700921,2025-06-21,PLT-05,MAT-104,Issue,-160.0,MT,
MOV-700922,2025-06-10,PLT-05,MAT-104,Issue,-73.0,MT,
MOV-700923,2025-06-03,PLT-05,MAT-105,Issue,-50.0,MT,
MOV-700924,2025-06-12,PLT-05,MAT-105,Issue,-147.0,MT,
MOV-700925,2025-06-17,PLT-05,MAT-105,Issue,-145.0,MT,
MOV-700926,2025-06-27,PLT-05,MAT-106,Issue,-153.0,MT,
MOV-700927,2025-06-23,PLT-05,MAT-108,Issue,-333.0,KG,
MOV-700928,2025-06-05,PLT-05,MAT-108,Issue,-393.0,KG,
MOV-700929,2025-06-18,PLT-05,MAT-108,Issue,-390.0,KG,
MOV-700930,2025-06-21,PLT-05,MAT-110,Issue,-250.0,KG,
MOV-700931,2025-06-06,PLT-06,MAT-888,Issue,-87.0,MT,
MOV-700932,2025-06-20,PLT-06,MAT-102,Issue,-23.0,MT,
MOV-700933,2025-06-13,PLT-06,MAT-102,Issue,-93.0,MT,
MOV-700934,2025-06-20,PLT-06,MAT-108,Issue,-168.0,KG,
MOV-700935,2025-06-05,PLT-06,MAT-110,Issue,-298.0,KG,
MOV-700936,2025-06-23,PLT-06,MAT-110,Issue,-420.0,KG,
MOV-700937,2025-06-22,PLT-06,MAT-112,Issue,-45.0,MT,
MOV-700938,2025-06-04,PLT-06,MAT-112,Issue,-57.0,MT,
MOV-700939,2025-06-10,PLT-06,MAT-112,Issue,-48.0,MT,
MOV-700940,2025-07-23,PLT-01,MAT-101,Issue,,MT,
MOV-700941,2025-07-26,PLT-01,MAT-102,Issue,-142.0,MT,
MOV-700942,2025-07-20,PLT-01,MAT-105,Issue,-121.0,MT,
MOV-700943,2025-07-06,PLT-01,MAT-105,Issue,-178.0,MT,
MOV-700944,2025-07-26,PLT-01,MAT-105,Issue,-131.0,MT,
MOV-700945,2025-07-10,PLT-01,MAT-107,Issue,-466.0,KG,
MOV-700946,2025-07-21,PLT-01,MAT-107,Issue,-166.0,KG,
MOV-700947,2025-07-25,PLT-01,MAT-109,Issue,-86.0,EA,
MOV-700948,2025-07-25,PLT-01,MAT-110,Issue,-365.0,KG,
MOV-700949,2025-07-25,PLT-01,MAT-110,Issue,-342.0,KG,
MOV-700950,2025-07-06,PLT-01,MAT-110,Issue,-204.0,KG,
MOV-700951,2025-07-02,PLT-01,MAT-111,Issue,-140.0,MT,
MOV-700952,2025-07-02,PLT-01,MAT-112,Issue,-23.0,MT,
MOV-700953,2025-07-27,PLT-01,MAT-112,Issue,-52.0,MT,
MOV-700954,2025-07-24,PLT-02,MAT-103,Issue,-101.0,MT,
MOV-700955,2025-07-21,PLT-02,MAT-103,Issue,-61.0,MT,
MOV-700956,2025-07-20,PLT-02,MAT-104,Issue,-156.0,MT,
MOV-700957,2025-07-17,PLT-02,MAT-104,Issue,-97.0,MT,
MOV-700958,2025-07-03,PLT-02,MAT-104,Issue,-171.0,MT,
MOV-700959,2025-07-08,PLT-02,MAT-109,Issue,-61.0,EA,
MOV-700960,2025-07-26,PLT-02,MAT-110,Issue,-354.0,KG,
MOV-700961,2025-07-07,PLT-02,MAT-111,Issue,-36.0,MT,
MOV-700962,2025-07-07,PLT-02,MAT-111,Issue,-113.0,MT,
MOV-700963,2025-07-06,PLT-03,MAT-101,Issue,-140.0,MT,
MOV-700964,2025-07-04,PLT-03,MAT-103,Issue,-56.0,MT,
MOV-700965,2025-07-24,PLT-03,MAT-103,Issue,-144.0,MT,
MOV-700966,2025-07-07,PLT-03,MAT-104,Issue,-105.0,MT,
MOV-700967,2025-07-02,PLT-03,MAT-105,Issue,-29.0,MT,
MOV-700968,2025-07-05,PLT-03,MAT-105,Issue,-111.0,MT,
MOV-700969,2025-07-17,PLT-03,MAT-106,Issue,-38.0,MT,
MOV-700970,2025-07-14,PLT-03,MAT-109,Issue,-165.0,EA,
MOV-700971,2025-07-02,PLT-03,MAT-110,Issue,-376.0,KG,
MOV-700972,2025-07-18,PLT-03,MAT-111,Issue,-101.0,MT,
MOV-700973,2025-07-23,PLT-03,MAT-111,Issue,-155.0,MT,
MOV-700974,2025-07-09,PLT-03,MAT-112,Issue,-101.0,MT,
MOV-700975,2025-07-02,PLT-03,MAT-112,Issue,-130.0,MT,
MOV-700976,2025-07-26,PLT-03,MAT-112,Issue,-35.0,MT,
MOV-700977,2025-07-12,PLT-04,MAT-101,Issue,-82.0,MT,
MOV-700978,2025-07-07,PLT-04,MAT-101,Issue,-169.0,MT,
MOV-700979,2025-07-06,PLT-04,MAT-102,Issue,-83.0,MT,
MOV-700980,2025-07-04,PLT-04,MAT-104,Issue,-52.0,MT,
MOV-700981,2025-07-18,PLT-04,MAT-109,Issue,-65.0,EA,
MOV-700982,2025-07-04,PLT-04,MAT-110,Issue,-173.0,KG,
MOV-700983,2025-07-23,PLT-04,MAT-110,Issue,-412.0,KG,
MOV-700984,2025-07-24,PLT-05,MAT-102,Issue,-137.0,MT,
MOV-700985,2025-07-22,PLT-05,MAT-104,Issue,-142.0,MT,
MOV-700986,2025-07-14,PLT-05,MAT-104,Issue,-155.0,MT,
MOV-700987,2025-07-10,PLT-05,MAT-105,Issue,-142.0,MT,
MOV-700988,2025-07-06,PLT-05,MAT-106,Issue,-88.0,MT,
MOV-700989,2025-07-10,PLT-05,MAT-106,Issue,-25.0,MT,
MOV-700990,2025-07-17,PLT-05,MAT-106,Issue,-85.0,MT,
MOV-700991,2025-07-16,PLT-05,MAT-108,Issue,-279.0,KG,
MOV-700992,2025-07-11,PLT-05,MAT-109,Issue,-176.0,EA,
MOV-700993,2025-07-06,PLT-05,MAT-109,Issue,-150.0,EA,
MOV-700994,2025-07-09,PLT-05,MAT-111,Issue,-112.0,MT,
MOV-700995,2025-07-19,PLT-05,MAT-111,Issue,-94.0,MT,
MOV-700996,2025-07-02,PLT-05,MAT-111,Issue,-176.0,MT,
MOV-700997,2025-07-16,PLT-06,MAT-101,Issue,-134.0,MT,
MOV-700998,2025-07-17,PLT-06,MAT-101,Issue,-103.0,MT,
MOV-700999,2025-07-06,PLT-06,MAT-101,Issue,-97.0,MT,
MOV-701000,2025-07-20,PLT-06,MAT-105,Issue,,MT,
MOV-701001,2025-07-22,PLT-06,MAT-105,Issue,-96.0,MT,
MOV-701002,2025-07-06,PLT-06,MAT-107,Issue,-106.0,KG,
MOV-701003,2025-07-27,PLT-06,MAT-107,Issue,-268.0,KG,
MOV-701004,2025-07-20,PLT-06,MAT-107,Issue,-203.0,KG,
MOV-701005,2025-07-09,PLT-06,MAT-110,Issue,-127.0,KG,
MOV-701006,2025-07-18,PLT-06,MAT-110,Issue,-267.0,KG,
MOV-701007,2025-07-27,PLT-06,MAT-112,Issue,-149.0,MT,
MOV-701008,2025-08-27,PLT-01,MAT-101,Issue,-78.0,MT,
MOV-701009,2025-08-25,PLT-01,MAT-102,Issue,-139.0,MT,
MOV-701010,2025-08-13,PLT-01,MAT-107,Issue,-243.0,KG,
MOV-701011,2025-08-26,PLT-01,MAT-109,Issue,-101.0,EA,
MOV-701012,2025-08-21,PLT-01,MAT-109,Issue,-195.0,EA,
MOV-701013,2025-08-08,PLT-01,MAT-112,Issue,-36.0,MT,
MOV-701014,2025-08-23,PLT-02,MAT-103,Issue,-48.0,MT,
MOV-701015,2025-08-17,PLT-02,MAT-103,Issue,-24.0,MT,
MOV-701016,2025-08-14,PLT-02,MAT-106,Issue,-160.0,MT,
MOV-701017,2025-08-07,PLT-02,MAT-106,Issue,-91.0,MT,
MOV-701018,2025-08-13,PLT-02,MAT-106,Issue,-79.0,MT,
MOV-701019,2025-08-22,PLT-02,MAT-109,Issue,-166.0,EA,
MOV-701020,2025-08-04,PLT-02,MAT-111,Issue,-110.0,MT,
MOV-701021,2025-08-07,PLT-02,MAT-111,Issue,-76.0,MT,
MOV-701022,2025-08-10,PLT-02,MAT-112,Issue,-96.0,MT,
MOV-701023,2025-08-19,PLT-03,MAT-102,Issue,-63.0,MT,
MOV-701024,2025-08-27,PLT-03,MAT-102,Issue,-140.0,MT,
MOV-701025,2025-08-02,PLT-03,MAT-106,Issue,-126.0,MT,
MOV-701026,2025-08-18,PLT-03,MAT-106,Issue,-90.0,MT,
MOV-701027,2025-08-12,PLT-03,MAT-108,Issue,-379.0,KG,
MOV-701028,2025-08-05,PLT-03,MAT-108,Issue,-239.0,KG,
MOV-701029,2025-08-19,PLT-03,MAT-108,Issue,-245.0,KG,
MOV-701030,2025-08-18,PLT-03,MAT-110,Issue,-285.0,KG,
MOV-701031,2025-08-04,PLT-03,MAT-110,Issue,-242.0,KG,
MOV-701032,2025-08-23,PLT-03,MAT-112,Issue,-163.0,MT,
MOV-701033,2025-08-14,PLT-03,MAT-112,Issue,-61.0,MT,
MOV-701034,2025-08-16,PLT-03,MAT-112,Issue,-79.0,MT,
MOV-701035,2025-08-13,PLT-04,MAT-109,Issue,-87.0,EA,
MOV-701036,2025-08-10,PLT-04,MAT-109,Issue,-27.0,EA,
MOV-701037,2025-08-10,PLT-04,MAT-110,Issue,-82.0,KG,
MOV-701038,2025-08-03,PLT-04,MAT-110,Issue,-300.0,KG,
MOV-701039,2025-08-17,PLT-04,MAT-110,Issue,-83.0,KG,
MOV-701040,2025-08-14,PLT-05,MAT-101,Issue,-163.0,MT,
MOV-701041,2025-08-19,PLT-05,MAT-101,Issue,-130.0,MT,
MOV-701042,2025-08-17,PLT-05,MAT-101,Issue,-174.0,MT,
MOV-701043,2025-08-07,PLT-05,MAT-104,Issue,-156.0,MT,
MOV-701044,2025-08-02,PLT-05,MAT-105,Issue,-70.0,MT,
MOV-701045,2025-08-24,PLT-05,MAT-105,Issue,-96.0,MT,
MOV-701046,2025-08-17,PLT-05,MAT-109,Issue,-34.0,EA,
MOV-701047,2025-08-02,PLT-05,MAT-109,Issue,-68.0,EA,
MOV-701048,2025-08-10,PLT-05,MAT-109,Issue,-106.0,EA,
MOV-701049,2025-08-02,PLT-05,MAT-111,Issue,-90.0,MT,
MOV-701050,2025-08-23,PLT-05,MAT-111,Issue,-167.0,MT,
MOV-701051,2025-08-22,PLT-06,MAT-101,Issue,-130.0,MT,
MOV-701052,2025-08-05,PLT-06,MAT-101,Issue,-128.0,MT,
MOV-701053,2025-08-07,PLT-06,MAT-104,Issue,-43.0,MT,
MOV-701054,2025-08-18,PLT-06,MAT-105,Issue,-164.0,MT,
MOV-701055,2025-08-11,PLT-06,MAT-106,Issue,-74.0,MT,
MOV-701056,2025-08-03,PLT-06,MAT-106,Issue,-166.0,MT,
MOV-701057,2025-08-04,PLT-06,MAT-107,Issue,-334.0,KG,
MOV-701058,2025-08-08,PLT-06,MAT-107,Issue,-323.0,KG,
MOV-701059,2025-08-24,PLT-06,MAT-109,Issue,-173.0,EA,
MOV-701060,2025-08-20,PLT-06,MAT-110,Issue,-338.0,KG,
MOV-701061,2025-08-18,PLT-06,MAT-111,Issue,-140.0,MT,
MOV-701062,2025-08-23,PLT-06,MAT-112,Issue,-146.0,MT,
MOV-701063,2025-08-09,PLT-06,MAT-112,Issue,-51.0,MT,
MOV-701064,2025-08-14,PLT-06,MAT-112,Issue,-112.0,MT,
MOV-701065,2025-09-10,PLT-01,MAT-101,Issue,-177.0,MT,
MOV-701066,2025-09-19,PLT-01,MAT-107,Issue,-218.0,KG,
MOV-701067,2025-09-24,PLT-01,MAT-108,Issue,-355.0,KG,
MOV-701068,2025-09-03,PLT-01,MAT-109,Issue,-160.0,EA,
MOV-701069,2025-09-05,PLT-01,MAT-109,Issue,-153.0,EA,
MOV-701070,2025-09-23,PLT-01,MAT-109,Issue,-42.0,EA,
MOV-701071,2025-09-10,PLT-01,MAT-110,Issue,-450.0,KG,
MOV-701072,2025-09-03,PLT-01,MAT-110,Issue,-419.0,KG,
MOV-701073,2025-09-07,PLT-01,MAT-111,Issue,-158.0,MT,
MOV-701074,2025-09-15,PLT-01,MAT-111,Issue,-150.0,MT,
MOV-701075,2025-09-16,PLT-01,MAT-111,Issue,-29.0,MT,
MOV-701076,2025-09-16,PLT-02,MAT-102,Issue,-52.0,MT,
MOV-701077,2025-09-04,PLT-02,MAT-102,Issue,-95.0,MT,
MOV-701078,2025-09-14,PLT-02,MAT-104,Issue,-111.0,MT,
MOV-701079,2025-09-07,PLT-02,MAT-104,Issue,-155.0,MT,
MOV-701080,2025-09-26,PLT-02,MAT-104,Issue,-105.0,MT,
MOV-701081,2025-09-03,PLT-02,MAT-108,Issue,-128.0,KG,
MOV-701082,2025-09-12,PLT-02,MAT-110,Issue,-496.0,KG,
MOV-701083,2025-09-03,PLT-02,MAT-110,Issue,-398.0,KG,
MOV-701084,2025-09-11,PLT-02,MAT-112,Issue,-34.0,MT,
MOV-701085,2025-09-26,PLT-02,MAT-112,Issue,-36.0,MT,
MOV-701086,2025-09-05,PLT-02,MAT-112,Issue,-55.0,MT,
MOV-701087,2025-09-07,PLT-03,MAT-101,Issue,-93.0,MT,
MOV-701088,2025-09-23,PLT-03,MAT-101,Issue,-169.0,MT,
MOV-701089,2025-09-07,PLT-03,MAT-101,Issue,-173.0,MT,
MOV-701090,2025-09-02,PLT-03,MAT-102,Issue,,MT,
MOV-701091,2025-09-15,PLT-03,MAT-102,Issue,-108.0,MT,
MOV-701092,2025-09-20,PLT-03,MAT-103,Issue,-76.0,MT,
MOV-701093,2025-09-27,PLT-03,MAT-103,Issue,-69.0,MT,
MOV-701094,2025-09-18,PLT-03,MAT-104,Issue,-129.0,MT,
MOV-701095,2025-09-20,PLT-03,MAT-104,Issue,-85.0,MT,
MOV-701096,2025-09-24,PLT-03,MAT-107,Issue,-164.0,KG,
MOV-701097,2025-09-08,PLT-03,MAT-107,Issue,-403.0,KG,
MOV-701098,2025-09-03,PLT-03,MAT-111,Issue,-156.0,MT,
MOV-701099,2025-09-07,PLT-03,MAT-111,Issue,-24.0,MT,
MOV-701100,2025-09-23,PLT-03,MAT-111,Issue,-152.0,MT,
MOV-701101,2025-09-11,PLT-03,MAT-112,Issue,-144.0,MT,
MOV-701102,2025-09-20,PLT-03,MAT-112,Issue,-29.0,MT,
MOV-701103,2025-09-18,PLT-03,MAT-112,Issue,-152.0,MT,
MOV-701104,2025-09-16,PLT-04,MAT-101,Issue,-108.0,MT,
MOV-701105,2025-09-19,PLT-04,MAT-101,Issue,-151.0,MT,
MOV-701106,2025-09-17,PLT-04,MAT-101,Issue,-51.0,MT,
MOV-701107,2025-09-12,PLT-04,MAT-103,Issue,-129.0,MT,
MOV-701108,2025-09-22,PLT-04,MAT-103,Issue,-38.0,MT,
MOV-701109,2025-09-16,PLT-04,MAT-104,Issue,-122.0,MT,
MOV-701110,2025-09-02,PLT-04,MAT-105,Issue,-87.0,MT,
MOV-701111,2025-09-27,PLT-04,MAT-105,Issue,-123.0,MT,
MOV-701112,2025-09-24,PLT-04,MAT-105,Issue,-143.0,MT,
MOV-701113,2025-09-25,PLT-04,MAT-107,Issue,-254.0,KG,
MOV-701114,2025-09-18,PLT-04,MAT-110,Issue,-459.0,KG,
MOV-701115,2025-09-07,PLT-04,MAT-110,Issue,-385.0,KG,
MOV-701116,2025-09-19,PLT-04,MAT-110,Issue,-279.0,KG,
MOV-701117,2025-09-07,PLT-04,MAT-111,Issue,-142.0,MT,
MOV-701118,2025-09-19,PLT-04,MAT-111,Issue,-32.0,MT,
MOV-701119,2025-09-15,PLT-04,MAT-111,Issue,-20.0,MT,
MOV-701120,2025-09-25,PLT-04,MAT-112,Issue,-99.0,MT,
MOV-701121,2025-09-13,PLT-04,MAT-112,Issue,-164.0,MT,
MOV-701122,2025-09-17,PLT-04,MAT-112,Issue,-141.0,MT,
MOV-701123,2025-09-27,PLT-05,MAT-101,Issue,-53.0,MT,
MOV-701124,2025-09-27,PLT-05,MAT-102,Issue,-44.0,MT,
MOV-701125,2025-09-21,PLT-05,MAT-104,Issue,-107.0,MT,
MOV-701126,2025-09-26,PLT-05,MAT-104,Issue,-112.0,MT,
MOV-701127,2025-09-06,PLT-05,MAT-105,Issue,-151.0,MT,
MOV-701128,2025-09-04,PLT-05,MAT-105,Issue,-100.0,MT,
MOV-701129,2025-09-03,PLT-05,MAT-105,Issue,-160.0,MT,
MOV-701130,2025-09-06,PLT-05,MAT-106,Issue,-56.0,MT,
MOV-701131,2025-09-21,PLT-05,MAT-106,Issue,-143.0,MT,
MOV-701132,2025-09-27,PLT-05,MAT-106,Issue,-173.0,MT,
MOV-701133,2025-09-13,PLT-06,MAT-101,Issue,-93.0,MT,
MOV-701134,2025-09-06,PLT-06,MAT-101,Issue,-67.0,MT,
MOV-701135,2025-09-21,PLT-06,MAT-101,Issue,-141.0,MT,
MOV-701136,2025-09-05,PLT-06,MAT-888,Issue,-93.0,MT,
MOV-701137,2025-09-14,PLT-06,MAT-104,Issue,-28.0,MT,
MOV-701138,2025-09-20,PLT-06,MAT-104,Issue,-153.0,MT,
MOV-701139,2025-09-14,PLT-06,MAT-888,Issue,-159.0,MT,
MOV-701140,2025-09-11,PLT-06,MAT-106,Issue,-39.0,MT,
MOV-701141,2025-09-04,PLT-06,MAT-109,Issue,-73.0,EA,
MOV-701142,2025-09-03,PLT-06,MAT-109,Issue,-122.0,EA,
MOV-701143,2025-09-16,PLT-06,MAT-111,Issue,-24.0,MT,
MOV-701144,2025-09-23,PLT-06,MAT-111,Issue,-57.0,MT,
MOV-701145,2025-09-04,PLT-06,MAT-112,Issue,-106.0,MT,
MOV-701146,2025-09-19,PLT-06,MAT-112,Issue,-173.0,MT,
MOV-701147,2025-09-19,PLT-06,MAT-112,Issue,-86.0,MT,
MOV-701148,2025-10-22,PLT-01,MAT-108,Issue,-415.0,KG,
MOV-701149,2025-10-16,PLT-01,MAT-109,Issue,-88.0,EA,
MOV-701150,2025-10-15,PLT-01,MAT-109,Issue,-197.0,EA,
MOV-701151,2025-10-05,PLT-01,MAT-109,Issue,-133.0,EA,
MOV-701152,2025-10-12,PLT-01,MAT-110,Issue,-252.0,KG,
MOV-701153,2025-10-02,PLT-01,MAT-110,Issue,-447.0,KG,
MOV-701154,2025-10-03,PLT-01,MAT-111,Issue,-127.0,MT,
MOV-701155,2025-10-17,PLT-01,MAT-111,Issue,-135.0,MT,
MOV-701156,2025-10-18,PLT-01,MAT-111,Issue,-31.0,MT,
MOV-701157,2025-10-07,PLT-02,MAT-101,Issue,-78.0,MT,
MOV-701158,2025-10-07,PLT-02,MAT-105,Issue,-111.0,MT,
MOV-701159,2025-10-08,PLT-02,MAT-105,Issue,-84.0,MT,
MOV-701160,2025-10-16,PLT-02,MAT-106,Issue,-118.0,MT,
MOV-701161,2025-10-09,PLT-02,MAT-109,Issue,-64.0,EA,
MOV-701162,2025-10-25,PLT-02,MAT-109,Issue,-159.0,EA,
MOV-701163,2025-10-18,PLT-02,MAT-109,Issue,-41.0,EA,
MOV-701164,2025-10-26,PLT-02,MAT-110,Issue,-258.0,KG,
MOV-701165,2025-10-20,PLT-02,MAT-111,Issue,-134.0,MT,
MOV-701166,2025-10-05,PLT-02,MAT-111,Issue,-121.0,MT,
MOV-701167,2025-10-17,PLT-02,MAT-111,Issue,-88.0,MT,
MOV-701168,2025-10-15,PLT-02,MAT-112,Issue,-176.0,MT,
MOV-701169,2025-10-06,PLT-02,MAT-112,Issue,-72.0,MT,
MOV-701170,2025-10-13,PLT-03,MAT-101,Issue,-66.0,MT,
MOV-701171,2025-10-27,PLT-03,MAT-101,Issue,-71.0,MT,
MOV-701172,2025-10-12,PLT-03,MAT-101,Issue,-150.0,MT,
MOV-701173,2025-10-16,PLT-03,MAT-102,Issue,-142.0,MT,
MOV-701174,2025-10-20,PLT-03,MAT-102,Issue,-142.0,MT,
MOV-701175,2025-10-09,PLT-03,MAT-106,Issue,-51.0,MT,
MOV-701176,2025-10-16,PLT-03,MAT-108,Issue,-362.0,KG,
MOV-701177,2025-10-10,PLT-03,MAT-108,Issue,-360.0,KG,
MOV-701178,2025-10-15,PLT-03,MAT-108,Issue,-215.0,KG,
MOV-701179,2025-10-16,PLT-03,MAT-110,Issue,-256.0,KG,
MOV-701180,2025-10-20,PLT-03,MAT-110,Issue,-220.0,KG,
MOV-701181,2025-10-16,PLT-03,MAT-110,Issue,-498.0,KG,
MOV-701182,2025-10-24,PLT-03,MAT-111,Issue,-59.0,MT,
MOV-701183,2025-10-22,PLT-03,MAT-112,Issue,-146.0,MT,
MOV-701184,2025-10-17,PLT-03,MAT-112,Issue,-134.0,MT,
MOV-701185,2025-10-27,PLT-04,MAT-105,Issue,-41.0,MT,
MOV-701186,2025-10-15,PLT-05,MAT-101,Issue,-141.0,MT,
MOV-701187,2025-10-09,PLT-05,MAT-102,Issue,-145.0,MT,
MOV-701188,2025-10-02,PLT-05,MAT-103,Issue,-154.0,MT,
MOV-701189,2025-10-07,PLT-05,MAT-106,Issue,-176.0,MT,
MOV-701190,2025-10-22,PLT-05,MAT-888,Issue,-257.0,KG,
MOV-701191,2025-10-08,PLT-05,MAT-109,Issue,-67.0,EA,
MOV-701192,2025-10-26,PLT-05,MAT-109,Issue,-118.0,EA,
MOV-701193,2025-10-13,PLT-05,MAT-111,Issue,-81.0,MT,
MOV-701194,2025-10-07,PLT-05,MAT-111,Issue,-45.0,MT,
MOV-701195,2025-10-22,PLT-05,MAT-111,Issue,-178.0,MT,
MOV-701196,2025-10-04,PLT-05,MAT-112,Issue,-62.0,MT,
MOV-701197,2025-10-13,PLT-06,MAT-103,Issue,-116.0,MT,
MOV-701198,2025-10-06,PLT-06,MAT-103,Issue,-49.0,MT,
MOV-701199,2025-10-15,PLT-06,MAT-105,Issue,-170.0,MT,
MOV-701200,2025-10-17,PLT-06,MAT-105,Issue,-162.0,MT,
MOV-701201,2025-10-18,PLT-06,MAT-105,Issue,-40.0,MT,
MOV-701202,2025-10-11,PLT-06,MAT-106,Issue,-82.0,MT,
MOV-701203,2025-10-24,PLT-06,MAT-106,Issue,-112.0,MT,
MOV-701204,2025-10-21,PLT-06,MAT-106,Issue,-82.0,MT,
MOV-701205,2025-10-12,PLT-06,MAT-107,Issue,,KG,
MOV-701206,2025-10-05,PLT-06,MAT-107,Issue,-334.0,KG,
MOV-701207,2025-10-10,PLT-06,MAT-107,Issue,-334.0,KG,
MOV-701208,2025-10-12,PLT-06,MAT-109,Issue,-156.0,EA,
MOV-701209,2025-10-21,PLT-06,MAT-109,Issue,-101.0,EA,
MOV-701210,2025-10-05,PLT-06,MAT-110,Issue,-480.0,KG,
MOV-701211,2025-10-06,PLT-06,MAT-112,Issue,-34.0,MT,
MOV-701212,2025-11-07,PLT-01,MAT-101,Issue,-23.0,MT,
MOV-701213,2025-11-14,PLT-01,MAT-101,Issue,-64.0,MT,
MOV-701214,2025-11-06,PLT-01,MAT-101,Issue,-28.0,MT,
MOV-701215,2025-11-11,PLT-01,MAT-105,Issue,-91.0,MT,
MOV-701216,2025-11-23,PLT-01,MAT-105,Issue,-162.0,MT,
MOV-701217,2025-11-15,PLT-01,MAT-111,Issue,-91.0,MT,
MOV-701218,2025-11-16,PLT-01,MAT-111,Issue,-148.0,MT,
MOV-701219,2025-11-26,PLT-01,MAT-111,Issue,-22.0,MT,
MOV-701220,2025-11-26,PLT-02,MAT-101,Issue,-79.0,MT,
MOV-701221,2025-11-14,PLT-02,MAT-104,Issue,-54.0,MT,
MOV-701222,2025-11-04,PLT-02,MAT-104,Issue,-102.0,MT,
MOV-701223,2025-11-25,PLT-02,MAT-105,Issue,-96.0,MT,
MOV-701224,2025-11-05,PLT-02,MAT-105,Issue,-32.0,MT,
MOV-701225,2025-11-12,PLT-02,MAT-108,Issue,-450.0,KG,
MOV-701226,2025-11-17,PLT-03,MAT-101,Issue,-29.0,MT,
MOV-701227,2025-11-20,PLT-03,MAT-101,Issue,-153.0,MT,
MOV-701228,2025-11-07,PLT-03,MAT-102,Issue,-48.0,MT,
MOV-701229,2025-11-24,PLT-03,MAT-102,Issue,-65.0,MT,
MOV-701230,2025-11-11,PLT-03,MAT-102,Issue,-23.0,MT,
MOV-701231,2025-11-20,PLT-03,MAT-106,Issue,-106.0,MT,
MOV-701232,2025-11-17,PLT-03,MAT-107,Issue,-480.0,KG,
MOV-701233,2025-11-20,PLT-03,MAT-107,Issue,-101.0,KG,
MOV-701234,2025-11-06,PLT-03,MAT-888,Issue,-369.0,KG,
MOV-701235,2025-11-11,PLT-03,MAT-109,Issue,-86.0,EA,
MOV-701236,2025-11-08,PLT-03,MAT-109,Issue,-111.0,EA,
MOV-701237,2025-11-26,PLT-03,MAT-111,Issue,-127.0,MT,
MOV-701238,2025-11-16,PLT-03,MAT-111,Issue,-105.0,MT,
MOV-701239,2025-11-13,PLT-03,MAT-112,Issue,-79.0,MT,
MOV-701240,2025-11-22,PLT-03,MAT-112,Issue,-125.0,MT,
MOV-701241,2025-11-25,PLT-04,MAT-103,Issue,-168.0,MT,
MOV-701242,2025-11-13,PLT-04,MAT-104,Issue,-31.0,MT,
MOV-701243,2025-11-18,PLT-04,MAT-104,Issue,-171.0,MT,
MOV-701244,2025-11-08,PLT-04,MAT-106,Issue,-97.0,MT,
MOV-701245,2025-11-24,PLT-04,MAT-109,Issue,-34.0,EA,
MOV-701246,2025-11-03,PLT-04,MAT-109,Issue,-83.0,EA,
MOV-701247,2025-11-26,PLT-04,MAT-109,Issue,-88.0,EA,
MOV-701248,2025-11-23,PLT-04,MAT-112,Issue,-97.0,MT,
MOV-701249,2025-11-25,PLT-05,MAT-101,Issue,-172.0,MT,
MOV-701250,2025-11-16,PLT-05,MAT-101,Issue,-40.0,MT,
MOV-701251,2025-11-02,PLT-05,MAT-104,Issue,-96.0,MT,
MOV-701252,2025-11-22,PLT-05,MAT-105,Issue,-78.0,MT,
MOV-701253,2025-11-13,PLT-05,MAT-105,Issue,-25.0,MT,
MOV-701254,2025-11-27,PLT-05,MAT-105,Issue,-24.0,MT,
MOV-701255,2025-11-11,PLT-05,MAT-106,Issue,-71.0,MT,
MOV-701256,2025-11-22,PLT-05,MAT-106,Issue,-128.0,MT,
MOV-701257,2025-11-16,PLT-05,MAT-106,Issue,-155.0,MT,
MOV-701258,2025-11-27,PLT-05,MAT-111,Issue,-39.0,MT,
MOV-701259,2025-11-03,PLT-05,MAT-111,Issue,-130.0,MT,
MOV-701260,2025-11-13,PLT-06,MAT-101,Issue,-122.0,MT,
MOV-701261,2025-11-15,PLT-06,MAT-101,Issue,-107.0,MT,
MOV-701262,2025-11-17,PLT-06,MAT-102,Issue,-64.0,MT,
MOV-701263,2025-11-08,PLT-06,MAT-102,Issue,-174.0,MT,
MOV-701264,2025-11-13,PLT-06,MAT-103,Issue,-39.0,MT,
MOV-701265,2025-11-17,PLT-06,MAT-107,Issue,-294.0,KG,
MOV-701266,2025-11-07,PLT-06,MAT-107,Issue,-415.0,KG,
MOV-701267,2025-12-19,PLT-01,MAT-101,Issue,-146.0,MT,
MOV-701268,2025-12-24,PLT-01,MAT-101,Issue,-96.0,MT,
MOV-701269,2025-12-10,PLT-01,MAT-102,Issue,-135.0,MT,
MOV-701270,2025-12-26,PLT-01,MAT-103,Issue,-147.0,MT,
MOV-701271,2025-12-26,PLT-01,MAT-105,Issue,-51.0,MT,
MOV-701272,2025-12-06,PLT-01,MAT-105,Issue,-105.0,MT,
MOV-701273,2025-12-15,PLT-01,MAT-106,Issue,-155.0,MT,
MOV-701274,2025-12-20,PLT-01,MAT-106,Issue,-113.0,MT,
MOV-701275,2025-12-15,PLT-01,MAT-107,Issue,-164.0,KG,
MOV-701276,2025-12-09,PLT-01,MAT-107,Issue,-107.0,KG,
MOV-701277,2025-12-04,PLT-01,MAT-108,Issue,-411.0,KG,
MOV-701278,2025-12-19,PLT-01,MAT-108,Issue,-410.0,KG,
MOV-701279,2025-12-14,PLT-01,MAT-110,Issue,-192.0,KG,
MOV-701280,2025-12-11,PLT-01,MAT-110,Issue,-368.0,KG,
MOV-701281,2025-12-16,PLT-01,MAT-110,Issue,-123.0,KG,
MOV-701282,2025-12-16,PLT-01,MAT-111,Issue,-23.0,MT,
MOV-701283,2025-12-25,PLT-02,MAT-101,Issue,-51.0,MT,
MOV-701284,2025-12-10,PLT-02,MAT-101,Issue,-124.0,MT,
MOV-701285,2025-12-02,PLT-02,MAT-101,Issue,-106.0,MT,
MOV-701286,2025-12-09,PLT-02,MAT-107,Issue,-120.0,KG,
MOV-701287,2025-12-19,PLT-02,MAT-107,Issue,-390.0,KG,
MOV-701288,2025-12-18,PLT-02,MAT-109,Issue,-32.0,EA,
MOV-701289,2025-12-20,PLT-02,MAT-109,Issue,-78.0,EA,
MOV-701290,2025-12-07,PLT-02,MAT-110,Issue,-221.0,KG,
MOV-701291,2025-12-12,PLT-02,MAT-111,Issue,-159.0,MT,
MOV-701292,2025-12-08,PLT-02,MAT-111,Issue,-153.0,MT,
MOV-701293,2025-12-21,PLT-02,MAT-112,Issue,-59.0,MT,
MOV-701294,2025-12-09,PLT-02,MAT-112,Issue,-53.0,MT,
MOV-701295,2025-12-24,PLT-03,MAT-101,Issue,-59.0,MT,
MOV-701296,2025-12-23,PLT-03,MAT-101,Issue,-152.0,MT,
MOV-701297,2025-12-24,PLT-03,MAT-103,Issue,-43.0,MT,
MOV-701298,2025-12-07,PLT-03,MAT-103,Issue,-56.0,MT,
MOV-701299,2025-12-11,PLT-03,MAT-104,Issue,-106.0,MT,
MOV-701300,2025-12-10,PLT-03,MAT-104,Issue,-126.0,MT,
MOV-701301,2025-12-22,PLT-03,MAT-105,Issue,-156.0,MT,
MOV-701302,2025-12-16,PLT-03,MAT-107,Issue,-389.0,KG,
MOV-701303,2025-12-14,PLT-03,MAT-110,Issue,-471.0,KG,
MOV-701304,2025-12-14,PLT-03,MAT-110,Issue,-280.0,KG,
MOV-701305,2025-12-13,PLT-03,MAT-111,Issue,-143.0,MT,
MOV-701306,2025-12-13,PLT-03,MAT-111,Issue,-115.0,MT,
MOV-701307,2025-12-18,PLT-03,MAT-111,Issue,-148.0,MT,
MOV-701308,2025-12-17,PLT-03,MAT-112,Issue,-82.0,MT,
MOV-701309,2025-12-14,PLT-03,MAT-112,Issue,-36.0,MT,
MOV-701310,2025-12-21,PLT-03,MAT-112,Issue,-77.0,MT,
MOV-701311,2025-12-03,PLT-04,MAT-101,Issue,-89.0,MT,
MOV-701312,2025-12-10,PLT-04,MAT-101,Issue,-78.0,MT,
MOV-701313,2025-12-07,PLT-04,MAT-101,Issue,-139.0,MT,
MOV-701314,2025-12-04,PLT-04,MAT-107,Issue,-217.0,KG,
MOV-701315,2025-12-20,PLT-04,MAT-107,Issue,-166.0,KG,
MOV-701316,2025-12-03,PLT-04,MAT-109,Issue,,EA,
MOV-701317,2025-12-20,PLT-04,MAT-112,Issue,-28.0,MT,
MOV-701318,2025-12-11,PLT-04,MAT-112,Issue,-69.0,MT,
MOV-701319,2025-12-02,PLT-05,MAT-101,Issue,-177.0,MT,
MOV-701320,2025-12-23,PLT-05,MAT-101,Issue,-37.0,MT,
MOV-701321,2025-12-03,PLT-05,MAT-105,Issue,-27.0,MT,
MOV-701322,2025-12-24,PLT-05,MAT-105,Issue,-126.0,MT,
MOV-701323,2025-12-22,PLT-05,MAT-107,Issue,-431.0,KG,
MOV-701324,2025-12-24,PLT-05,MAT-108,Issue,-374.0,KG,
MOV-701325,2025-12-22,PLT-05,MAT-108,Issue,-95.0,KG,
MOV-701326,2025-12-10,PLT-05,MAT-111,Issue,-53.0,MT,
MOV-701327,2025-12-06,PLT-05,MAT-111,Issue,-105.0,MT,
MOV-701328,2025-12-25,PLT-05,MAT-111,Issue,-53.0,MT,
MOV-701329,2025-12-24,PLT-06,MAT-101,Issue,-121.0,MT,
MOV-701330,2025-12-14,PLT-06,MAT-103,Issue,-152.0,MT,
MOV-701331,2025-12-06,PLT-06,MAT-103,Issue,-115.0,MT,
MOV-701332,2025-12-22,PLT-06,MAT-107,Issue,-267.0,KG,
MOV-701333,2025-12-24,PLT-06,MAT-107,Issue,-241.0,KG,
MOV-701334,2025-12-07,PLT-06,MAT-107,Issue,-430.0,KG,
MOV-701335,2025-12-02,PLT-06,MAT-111,Issue,-89.0,MT,
MOV-701336,2025-12-19,PLT-06,MAT-112,Issue,-112.0,MT,
MOV-701337,2025-12-16,PLT-06,MAT-112,Issue,-131.0,MT,
MOV-701338,2025-12-17,PLT-06,MAT-112,Issue,-107.0,MT,
MOV-700219,2025-07-04,PLT-04,MAT-104,Receipt,218.0,MT,GRN-5218
MOV-700372,2025-09-29,PLT-04,MAT-110,Receipt,512.0,KG,GRN-5371
MOV-700387,2025-11-02,PLT-06,MAT-102,Receipt,506.0,MT,GRN-5386
MOV-700231,2025-07-16,PLT-06,MAT-106,Receipt,242.0,MT,GRN-5230
MOV-700166,2025-05-13,PLT-01,MAT-104,Receipt,493.0,MT,GRN-5165
